{"v":"4.8.0","meta":{"g":"LottieFiles AE ","a":"","k":"","d":"","tc":""},"fr":60,"ip":0,"op":181,"w":700,"h":700,"nm":"Pan","ddd":0,"assets":[],"layers":[{"ddd":0,"ind":1,"ty":4,"nm":"Pan","sr":1,"ks":{"o":{"a":0,"k":100,"ix":11},"r":{"a":1,"k":[{"i":{"x":[0.431],"y":[1]},"o":{"x":[0.333],"y":[0]},"t":67,"s":[0]},{"i":{"x":[0.667],"y":[1]},"o":{"x":[0.532],"y":[0]},"t":77,"s":[-2]},{"i":{"x":[0.469],"y":[1]},"o":{"x":[0.333],"y":[0]},"t":92,"s":[4]},{"i":{"x":[0.706],"y":[1]},"o":{"x":[0.52],"y":[0]},"t":107,"s":[-1]},{"t":117,"s":[0]}],"ix":10},"p":{"a":1,"k":[{"i":{"x":0.431,"y":1},"o":{"x":0.333,"y":0},"t":60,"s":[651.726,316.65,0],"to":[0,0,0],"ti":[0,0,0]},{"i":{"x":0.667,"y":1},"o":{"x":0.532,"y":0},"t":70,"s":[651.726,322.05,0],"to":[0,0,0],"ti":[0,0,0]},{"i":{"x":0.469,"y":1},"o":{"x":0.333,"y":0},"t":85,"s":[651.726,253.05,0],"to":[0,0,0],"ti":[0,0,0]},{"i":{"x":0.706,"y":1},"o":{"x":0.52,"y":0},"t":100,"s":[651.726,322.05,0],"to":[0,0,0],"ti":[0,0,0]},{"i":{"x":0.706,"y":0.706},"o":{"x":0.167,"y":0.167},"t":110,"s":[651.726,316.65,0],"to":[0,0,0],"ti":[0,0,0]},{"i":{"x":0.354,"y":1},"o":{"x":0.167,"y":0},"t":124,"s":[651.726,316.65,0],"to":[0,0,0],"ti":[0,0,0]},{"i":{"x":0.706,"y":1},"o":{"x":0.611,"y":0},"t":134,"s":[651.726,324.65,0],"to":[0,0,0],"ti":[0,0,0]},{"t":144,"s":[651.726,316.65,0]}],"ix":2},"a":{"a":0,"k":[237.726,506.65,0],"ix":1},"s":{"a":0,"k":[100,100,100],"ix":6}},"ao":0,"shapes":[{"ty":"gr","it":[{"ind":0,"ty":"sh","ix":1,"ks":{"a":0,"k":{"i":[[0,0],[0,32.989],[-2.761,0],[0,0],[0,-2.761],[-43.662,-9.42],[0,0],[7.691,5.764]],"o":[[-25.354,-17.545],[0,-2.761],[0,0],[-2.761,0],[0,46.372],[7.557,0.272],[0,0],[0,0]],"v":[[43.529,35.057],[3.976,-44.915],[8.976,-49.915],[-41.024,-49.915],[-46.024,-44.915],[30.618,49.915],[65.086,49.937],[43.529,35.057]],"c":true},"ix":2},"nm":"Path 1","mn":"ADBE Vector Shape - Group","hd":false},{"ty":"fl","c":{"a":0,"k":[0.698797727099,0.186346046597,0.296157088934,1],"ix":4},"o":{"a":0,"k":100,"ix":5},"r":1,"bm":0,"nm":"Fill 1","mn":"ADBE Vector Graphic - Fill","hd":false},{"ty":"tr","p":{"a":0,"k":[-214.161,537.565],"ix":2},"a":{"a":0,"k":[0,0],"ix":1},"s":{"a":0,"k":[100,100],"ix":3},"r":{"a":0,"k":0,"ix":6},"o":{"a":0,"k":100,"ix":7},"sk":{"a":0,"k":0,"ix":4},"sa":{"a":0,"k":0,"ix":5},"nm":"Transform"}],"nm":"Group 3","np":2,"cix":2,"bm":0,"ix":1,"mn":"ADBE Vector Group","hd":false},{"ty":"gr","it":[{"ind":0,"ty":"sh","ix":1,"ks":{"a":0,"k":{"i":[[0,0],[0,-2.761],[-43.662,-9.42],[0,0],[0,46.372],[0,0]],"o":[[-2.761,0],[0,46.372],[0,0],[43.662,-9.42],[0,0],[0,0]],"v":[[-166,-49.915],[-171,-44.915],[-94.358,49.915],[94.358,49.915],[171,-44.915],[171,-49.915]],"c":true},"ix":2},"nm":"Path 1","mn":"ADBE Vector Shape - Group","hd":false},{"ty":"fl","c":{"a":0,"k":[0.823529471603,0.219607858097,0.349019607843,1],"ix":4},"o":{"a":0,"k":100,"ix":5},"r":1,"bm":0,"nm":"Fill 1","mn":"ADBE Vector Graphic - Fill","hd":false},{"ty":"tr","p":{"a":0,"k":[-89.185,537.565],"ix":2},"a":{"a":0,"k":[0,0],"ix":1},"s":{"a":0,"k":[100,100],"ix":3},"r":{"a":0,"k":0,"ix":6},"o":{"a":0,"k":100,"ix":7},"sk":{"a":0,"k":0,"ix":4},"sa":{"a":0,"k":0,"ix":5},"nm":"Transform"}],"nm":"Group 4","np":2,"cix":2,"bm":0,"ix":2,"mn":"ADBE Vector Group","hd":false},{"ty":"gr","it":[{"ind":0,"ty":"sh","ix":1,"ks":{"a":0,"k":{"i":[[0,0],[2.76,-8.919],[-31.349,0],[31.349,0],[0,0]],"o":[[0,9.668],[0,0],[31.349,0],[-31.349,0],[0,0]],"v":[[-94.287,-11.5],[-98.534,16.5],[51.522,16.5],[51.522,-16.5],[-94.287,-16.5]],"c":true},"ix":2},"nm":"Path 1","mn":"ADBE Vector Shape - Group","hd":false},{"ty":"fl","c":{"a":0,"k":[0.294117647059,0.431372578939,0.698039215686,1],"ix":4},"o":{"a":0,"k":100,"ix":5},"r":1,"bm":0,"nm":"Fill 1","mn":"ADBE Vector Graphic - Fill","hd":false},{"ty":"tr","p":{"a":0,"k":[175.102,504.15],"ix":2},"a":{"a":0,"k":[0,0],"ix":1},"s":{"a":0,"k":[100,100],"ix":3},"r":{"a":0,"k":0,"ix":6},"o":{"a":0,"k":100,"ix":7},"sk":{"a":0,"k":0,"ix":4},"sa":{"a":0,"k":0,"ix":5},"nm":"Transform"}],"nm":"Group 5","np":2,"cix":2,"bm":0,"ix":3,"mn":"ADBE Vector Group","hd":false}],"ip":0,"op":181,"st":-187,"bm":0},{"ddd":0,"ind":2,"ty":4,"nm":"Food5","sr":1,"ks":{"o":{"a":0,"k":100,"ix":11},"r":{"a":0,"k":0,"ix":10},"p":{"a":1,"k":[{"i":{"x":0.362,"y":1},"o":{"x":0,"y":0},"t":82,"s":[316.781,329.136,0],"to":[0,0,0],"ti":[-6.219,0.136,0]},{"i":{"x":1,"y":1},"o":{"x":0.615,"y":0},"t":102,"s":[325.281,229.136,0],"to":[6.219,-0.136,0],"ti":[0,0,0]},{"t":122,"s":[335.281,329.136,0]}],"ix":2},"a":{"a":0,"k":[0,0,0],"ix":1},"s":{"a":0,"k":[100,100,100],"ix":6}},"ao":0,"shapes":[{"ty":"gr","it":[{"ind":0,"ty":"sh","ix":1,"ks":{"a":0,"k":{"i":[[-13.444,0],[0,-13.444],[13.444,0],[0,13.444]],"o":[[13.444,0],[0,13.444],[-13.444,0],[0,-13.444]],"v":[[0,-24.342],[24.342,0],[0,24.342],[-24.342,0]],"c":true},"ix":2},"nm":"Path 1","mn":"ADBE Vector Shape - Group","hd":false},{"ty":"fl","c":{"a":0,"k":[0.84313731474,0.231372563979,0.141176470588,1],"ix":4},"o":{"a":0,"k":100,"ix":5},"r":1,"bm":0,"nm":"Fill 1","mn":"ADBE Vector Graphic - Fill","hd":false},{"ty":"tr","p":{"a":0,"k":[0,0],"ix":2},"a":{"a":0,"k":[0,0],"ix":1},"s":{"a":0,"k":[100,100],"ix":3},"r":{"a":0,"k":0,"ix":6},"o":{"a":0,"k":100,"ix":7},"sk":{"a":0,"k":0,"ix":4},"sa":{"a":0,"k":0,"ix":5},"nm":"Transform"}],"nm":"Group 1","np":2,"cix":2,"bm":0,"ix":1,"mn":"ADBE Vector Group","hd":false}],"ip":86,"op":123,"st":-165,"bm":0},{"ddd":0,"ind":3,"ty":4,"nm":"Food4","sr":1,"ks":{"o":{"a":0,"k":100,"ix":11},"r":{"a":0,"k":120.65,"ix":10},"p":{"a":1,"k":[{"i":{"x":0.225,"y":1},"o":{"x":0,"y":0},"t":84,"s":[260.281,329.136,0],"to":[0,0,0],"ti":[-23.719,1.136,0]},{"i":{"x":1,"y":1},"o":{"x":0.766,"y":0},"t":104,"s":[307.781,41.136,0],"to":[23.719,-1.136,0],"ti":[0,0,0]},{"t":124,"s":[356.281,329.136,0]}],"ix":2},"a":{"a":0,"k":[0,0,0],"ix":1},"s":{"a":0,"k":[100,100,100],"ix":6}},"ao":0,"shapes":[{"ty":"gr","it":[{"ind":0,"ty":"sh","ix":1,"ks":{"a":0,"k":{"i":[[-13.444,0],[0,-13.444],[13.444,0],[0,13.444]],"o":[[13.444,0],[0,13.444],[-13.444,0],[0,-13.444]],"v":[[0,-24.342],[24.342,0],[0,24.342],[-24.342,0]],"c":true},"ix":2},"nm":"Path 1","mn":"ADBE Vector Shape - Group","hd":false},{"ty":"fl","c":{"a":0,"k":[0.84313731474,0.231372563979,0.141176470588,1],"ix":4},"o":{"a":0,"k":100,"ix":5},"r":1,"bm":0,"nm":"Fill 1","mn":"ADBE Vector Graphic - Fill","hd":false},{"ty":"tr","p":{"a":0,"k":[0,0],"ix":2},"a":{"a":0,"k":[0,0],"ix":1},"s":{"a":0,"k":[100,100],"ix":3},"r":{"a":0,"k":0,"ix":6},"o":{"a":0,"k":100,"ix":7},"sk":{"a":0,"k":0,"ix":4},"sa":{"a":0,"k":0,"ix":5},"nm":"Transform"}],"nm":"Group 1","np":2,"cix":2,"bm":0,"ix":1,"mn":"ADBE Vector Group","hd":false}],"ip":87,"op":125,"st":-163,"bm":0},{"ddd":0,"ind":4,"ty":4,"nm":"Food3","sr":1,"ks":{"o":{"a":0,"k":100,"ix":11},"r":{"a":1,"k":[{"i":{"x":[0.833],"y":[0.833]},"o":{"x":[0.167],"y":[0.167]},"t":86,"s":[0]},{"t":126,"s":[127]}],"ix":10},"p":{"a":1,"k":[{"i":{"x":0.474,"y":1},"o":{"x":0.126,"y":0.318},"t":86,"s":[246.139,323.178,0],"to":[0,0,0],"ti":[0,0,0]},{"i":{"x":1,"y":1},"o":{"x":0.615,"y":0},"t":106,"s":[246.139,196.497,0],"to":[0,0,0],"ti":[0,0,0]},{"t":126,"s":[246.139,340.497,0]}],"ix":2},"a":{"a":0,"k":[-167.861,404.497,0],"ix":1},"s":{"a":0,"k":[100,100,100],"ix":6}},"ao":0,"shapes":[{"ty":"gr","it":[{"ind":0,"ty":"sh","ix":1,"ks":{"a":0,"k":{"i":[[0,0],[-1.953,1.953],[0,0],[0,0],[1.952,-1.953],[0,0],[-1.953,-1.953],[0,0],[-1.953,1.953],[0,0]],"o":[[-1.953,-1.953],[0,0],[0,0],[-1.953,-1.953],[0,0],[-1.953,1.953],[0,0],[1.953,1.953],[0,0],[0,0]],"v":[[-7.42,18.103],[-7.42,11.032],[29.128,-25.516],[22.542,-32.102],[15.471,-32.102],[-27.663,11.032],[-27.663,18.103],[-13.663,32.103],[-6.592,32.103],[-0.006,25.517]],"c":true},"ix":2},"nm":"Path 1","mn":"ADBE Vector Shape - Group","hd":false},{"ty":"fl","c":{"a":0,"k":[0.996078431606,0.466666668653,0.003921568859,1],"ix":4},"o":{"a":0,"k":100,"ix":5},"r":1,"bm":0,"nm":"Fill 1","mn":"ADBE Vector Graphic - Fill","hd":false},{"ty":"tr","p":{"a":0,"k":[-172.301,404.497],"ix":2},"a":{"a":0,"k":[0,0],"ix":1},"s":{"a":0,"k":[100,100],"ix":3},"r":{"a":0,"k":0,"ix":6},"o":{"a":0,"k":100,"ix":7},"sk":{"a":0,"k":0,"ix":4},"sa":{"a":0,"k":0,"ix":5},"nm":"Transform"}],"nm":"Group 1","np":2,"cix":2,"bm":0,"ix":1,"mn":"ADBE Vector Group","hd":false},{"ty":"gr","it":[{"ind":0,"ty":"sh","ix":1,"ks":{"a":0,"k":{"i":[[1.952,-1.953],[0,0],[1.953,1.953],[0,0],[-1.953,1.953],[0,0],[-1.953,-1.953],[0,0]],"o":[[0,0],[-1.953,1.953],[0,0],[-1.953,-1.953],[0,0],[1.953,-1.953],[0,0],[1.952,1.952]],"v":[[32.103,-11.032],[-11.031,32.102],[-18.102,32.102],[-32.102,18.102],[-32.102,11.031],[11.032,-32.103],[18.103,-32.103],[32.103,-18.103]],"c":true},"ix":2},"nm":"Path 1","mn":"ADBE Vector Shape - Group","hd":false},{"ty":"fl","c":{"a":0,"k":[0.996078431606,0.525490224361,0.039215687662,1],"ix":4},"o":{"a":0,"k":100,"ix":5},"r":1,"bm":0,"nm":"Fill 1","mn":"ADBE Vector Graphic - Fill","hd":false},{"ty":"tr","p":{"a":0,"k":[-167.861,404.498],"ix":2},"a":{"a":0,"k":[0,0],"ix":1},"s":{"a":0,"k":[100,100],"ix":3},"r":{"a":0,"k":0,"ix":6},"o":{"a":0,"k":100,"ix":7},"sk":{"a":0,"k":0,"ix":4},"sa":{"a":0,"k":0,"ix":5},"nm":"Transform"}],"nm":"Group 2","np":2,"cix":2,"bm":0,"ix":2,"mn":"ADBE Vector Group","hd":false}],"ip":91,"op":127,"st":-161,"bm":0},{"ddd":0,"ind":5,"ty":4,"nm":"Food2","sr":1,"ks":{"o":{"a":0,"k":100,"ix":11},"r":{"a":1,"k":[{"i":{"x":[0.833],"y":[0.833]},"o":{"x":[0.167],"y":[0.167]},"t":84,"s":[0]},{"t":124,"s":[127]}],"ix":10},"p":{"a":1,"k":[{"i":{"x":0.362,"y":1},"o":{"x":0,"y":0},"t":84,"s":[331.871,340.915,0],"to":[0,0,0],"ti":[0,0,0]},{"i":{"x":1,"y":1},"o":{"x":0.615,"y":0},"t":104,"s":[331.871,148.915,0],"to":[0,0,0],"ti":[0,0,0]},{"t":124,"s":[331.871,340.915,0]}],"ix":2},"a":{"a":0,"k":[-82.129,422.915,0],"ix":1},"s":{"a":0,"k":[100,100,100],"ix":6}},"ao":0,"shapes":[{"ty":"gr","it":[{"ind":0,"ty":"sh","ix":1,"ks":{"a":0,"k":{"i":[[0,0],[-1.172,1.172],[0,0],[1.172,1.172],[0,0],[-1.365,1.137],[-5.389,1.221],[8.838,-7.363],[-1.256,-1.256],[0,0],[1.172,-1.172],[0,0],[-1.172,-1.172],[0,0],[-1.172,1.172],[0,0]],"o":[[-1.172,-1.172],[0,0],[1.172,-1.172],[0,0],[-1.256,-1.256],[4.471,-3.725],[-10.649,-2.419],[-1.365,1.137],[0,0],[1.172,1.172],[0,0],[-1.172,1.172],[0,0],[1.172,1.172],[0,0],[0,0]],"v":[[4.959,12.965],[4.959,8.722],[12.737,0.944],[12.737,-3.299],[0.815,-15.221],[1.038,-19.672],[16.06,-27.088],[-14.962,-19.672],[-15.185,-15.221],[-3.263,-3.299],[-3.263,0.944],[-11.041,8.722],[-11.041,12.965],[3.101,27.107],[7.344,27.107],[13.223,21.228]],"c":true},"ix":2},"nm":"Path 1","mn":"ADBE Vector Shape - Group","hd":false},{"ty":"fl","c":{"a":0,"k":[0.772549033165,0.478431373835,0.266666680574,1],"ix":4},"o":{"a":0,"k":100,"ix":5},"r":1,"bm":0,"nm":"Fill 1","mn":"ADBE Vector Graphic - Fill","hd":false},{"ty":"tr","p":{"a":0,"k":[-96.124,420.845],"ix":2},"a":{"a":0,"k":[0,0],"ix":1},"s":{"a":0,"k":[100,100],"ix":3},"r":{"a":0,"k":0,"ix":6},"o":{"a":0,"k":100,"ix":7},"sk":{"a":0,"k":0,"ix":4},"sa":{"a":0,"k":0,"ix":5},"nm":"Transform"}],"nm":"Group 1","np":2,"cix":2,"bm":0,"ix":1,"mn":"ADBE Vector Group","hd":false},{"ty":"gr","it":[{"ind":0,"ty":"sh","ix":1,"ks":{"a":0,"k":{"i":[[0,0],[-1.137,1.365],[13.271,13.271],[14.143,-11.784],[-1.257,-1.256],[0,0],[1.172,-1.172],[0,0],[-1.172,-1.172],[0,0],[-1.172,1.172],[0,0],[-1.172,-1.172]],"o":[[1.256,1.256],[11.784,-14.143],[-13.271,-13.271],[-1.365,1.137],[0,0],[1.172,1.172],[0,0],[-1.172,1.172],[0,0],[1.172,1.172],[0,0],[1.172,-1.172],[0,0]],"v":[[17.292,29.18],[21.743,28.958],[19.512,-19.511],[-28.957,-21.742],[-29.179,-17.291],[-17.257,-5.369],[-17.257,-1.126],[-25.035,6.652],[-25.035,10.895],[-10.893,25.037],[-6.65,25.037],[1.128,17.259],[5.371,17.259]],"c":true},"ix":2},"nm":"Path 1","mn":"ADBE Vector Shape - Group","hd":false},{"ty":"fl","c":{"a":0,"k":[0.847058832645,0.541176497936,0.333333343267,1],"ix":4},"o":{"a":0,"k":100,"ix":5},"r":1,"bm":0,"nm":"Fill 1","mn":"ADBE Vector Graphic - Fill","hd":false},{"ty":"tr","p":{"a":0,"k":[-82.129,422.916],"ix":2},"a":{"a":0,"k":[0,0],"ix":1},"s":{"a":0,"k":[100,100],"ix":3},"r":{"a":0,"k":0,"ix":6},"o":{"a":0,"k":100,"ix":7},"sk":{"a":0,"k":0,"ix":4},"sa":{"a":0,"k":0,"ix":5},"nm":"Transform"}],"nm":"Group 2","np":2,"cix":2,"bm":0,"ix":2,"mn":"ADBE Vector Group","hd":false}],"ip":88,"op":125,"st":-163,"bm":0},{"ddd":0,"ind":6,"ty":4,"nm":"Food1","sr":1,"ks":{"o":{"a":0,"k":100,"ix":11},"r":{"a":1,"k":[{"i":{"x":[0.833],"y":[0.833]},"o":{"x":[0.167],"y":[0.167]},"t":82,"s":[0]},{"t":122,"s":[127]}],"ix":10},"p":{"a":1,"k":[{"i":{"x":0.362,"y":1},"o":{"x":0,"y":0},"t":82,"s":[427.022,339.9,0],"to":[0,0,0],"ti":[0,0,0]},{"i":{"x":1,"y":1},"o":{"x":0.615,"y":0},"t":102,"s":[427.022,226.9,0],"to":[0,0,0],"ti":[0,0,0]},{"t":122,"s":[427.022,339.9,0]}],"ix":2},"a":{"a":0,"k":[26.022,371.9,0],"ix":1},"s":{"a":0,"k":[100,100,100],"ix":6}},"ao":0,"shapes":[{"ty":"gr","it":[{"ind":0,"ty":"sh","ix":1,"ks":{"a":0,"k":{"i":[[0,0],[-9.219,17.877],[0,0],[1.856,-2.351],[-17.182,-17.182],[-15.296,3.344],[6.659,6.659]],"o":[[-14.965,-14.965],[0,0],[-2.118,-2.118],[-14.7,18.627],[11.869,11.869],[-8.581,-1.871],[0,0]],"v":[[5.444,25.503],[-3.169,-29.885],[-11.21,-37.925],[-18.68,-37.486],[-14.957,25.503],[28.847,38.286],[5.444,25.503]],"c":true},"ix":2},"nm":"Path 1","mn":"ADBE Vector Shape - Group","hd":false},{"ty":"fl","c":{"a":0,"k":[0.54509806633,0.780392169952,0.152941182256,1],"ix":4},"o":{"a":0,"k":100,"ix":5},"r":1,"bm":0,"nm":"Fill 1","mn":"ADBE Vector Graphic - Fill","hd":false},{"ty":"tr","p":{"a":0,"k":[15.477,371.9],"ix":2},"a":{"a":0,"k":[0,0],"ix":1},"s":{"a":0,"k":[100,100],"ix":3},"r":{"a":0,"k":0,"ix":6},"o":{"a":0,"k":100,"ix":7},"sk":{"a":0,"k":0,"ix":4},"sa":{"a":0,"k":0,"ix":5},"nm":"Transform"}],"nm":"Group 1","np":2,"cix":2,"bm":0,"ix":1,"mn":"ADBE Vector Group","hd":false},{"ty":"gr","it":[{"ind":0,"ty":"sh","ix":1,"ks":{"a":0,"k":{"i":[[0,0],[0,0],[1.355,-1.949],[-7.808,-7.809],[-8.767,6.093],[-1.678,-1.679],[0,0],[2.351,-1.856],[17.182,17.182],[-14.7,18.626],[-2.118,-2.118]],"o":[[0,0],[1.679,1.679],[-6.092,8.767],[7.808,7.809],[1.95,-1.355],[0,0],[2.118,2.118],[-18.627,14.701],[-17.182,-17.183],[1.857,-2.35],[0,0]],"v":[[-21.754,-37.926],[-11.034,-27.206],[-10.398,-20.919],[-7.824,7.824],[20.919,10.398],[27.206,11.034],[37.926,21.754],[37.487,29.224],[-25.502,25.501],[-29.225,-37.488],[-21.754,-37.926]],"c":true},"ix":2},"nm":"Path 1","mn":"ADBE Vector Shape - Group","hd":false},{"ty":"fl","c":{"a":0,"k":[0.592156887054,0.843137264252,0.160784319043,1],"ix":4},"o":{"a":0,"k":100,"ix":5},"r":1,"bm":0,"nm":"Fill 1","mn":"ADBE Vector Graphic - Fill","hd":false},{"ty":"tr","p":{"a":0,"k":[26.022,371.9],"ix":2},"a":{"a":0,"k":[0,0],"ix":1},"s":{"a":0,"k":[100,100],"ix":3},"r":{"a":0,"k":0,"ix":6},"o":{"a":0,"k":100,"ix":7},"sk":{"a":0,"k":0,"ix":4},"sa":{"a":0,"k":0,"ix":5},"nm":"Transform"}],"nm":"Group 2","np":2,"cix":2,"bm":0,"ix":2,"mn":"ADBE Vector Group","hd":false}],"ip":88,"op":123,"st":-165,"bm":0},{"ddd":0,"ind":7,"ty":4,"nm":"Stove","sr":1,"ks":{"o":{"a":0,"k":100,"ix":11},"r":{"a":0,"k":0,"ix":10},"p":{"a":0,"k":[324.815,486.205,0],"ix":2},"a":{"a":0,"k":[-89.185,672.205,0],"ix":1},"s":{"a":0,"k":[100,100,100],"ix":6}},"ao":0,"shapes":[{"ty":"gr","it":[{"ind":0,"ty":"sh","ix":1,"ks":{"a":0,"k":{"i":[[0,4.142],[-4.143,0],[0,0],[0,-4.142],[-4.143,0],[0,0]],"o":[[0,-4.142],[0,0],[-4.143,0],[0,4.142],[0,0],[-4.143,0]],"v":[[11.5,0],[19,-7.5],[-11.5,-7.5],[-19,0],[-11.5,7.5],[19,7.5]],"c":true},"ix":2},"nm":"Path 1","mn":"ADBE Vector Shape - Group","hd":false},{"ty":"fl","c":{"a":0,"k":[0.917647063732,0.964705884457,1,1],"ix":4},"o":{"a":0,"k":100,"ix":5},"r":1,"bm":0,"nm":"Fill 1","mn":"ADBE Vector Graphic - Fill","hd":false},{"ty":"tr","p":{"a":0,"k":[-198.685,676.026],"ix":2},"a":{"a":0,"k":[0,0],"ix":1},"s":{"a":0,"k":[100,100],"ix":3},"r":{"a":0,"k":0,"ix":6},"o":{"a":0,"k":100,"ix":7},"sk":{"a":0,"k":0,"ix":4},"sa":{"a":0,"k":0,"ix":5},"nm":"Transform"}],"nm":"Group 1","np":2,"cix":2,"bm":0,"ix":1,"mn":"ADBE Vector Group","hd":false},{"ty":"gr","it":[{"ind":0,"ty":"sh","ix":1,"ks":{"a":0,"k":{"i":[[4.143,0],[0,0],[0,4.142],[-4.143,0],[0,0],[0,-4.142]],"o":[[0,0],[-4.143,0],[0,-4.142],[0,0],[4.143,0],[0,4.142]],"v":[[95,7.5],[-95,7.5],[-102.5,0],[-95,-7.5],[95,-7.5],[102.5,0]],"c":true},"ix":2},"nm":"Path 1","mn":"ADBE Vector Shape - Group","hd":false},{"ty":"fl","c":{"a":0,"k":[1,1,1,1],"ix":4},"o":{"a":0,"k":100,"ix":5},"r":1,"bm":0,"nm":"Fill 1","mn":"ADBE Vector Graphic - Fill","hd":false},{"ty":"tr","p":{"a":0,"k":[-115.185,676.026],"ix":2},"a":{"a":0,"k":[0,0],"ix":1},"s":{"a":0,"k":[100,100],"ix":3},"r":{"a":0,"k":0,"ix":6},"o":{"a":0,"k":100,"ix":7},"sk":{"a":0,"k":0,"ix":4},"sa":{"a":0,"k":0,"ix":5},"nm":"Transform"}],"nm":"Group 2","np":2,"cix":2,"bm":0,"ix":2,"mn":"ADBE Vector Group","hd":false},{"ty":"gr","it":[{"ind":0,"ty":"sh","ix":1,"ks":{"a":0,"k":{"i":[[0,9.315],[-8.621,2.223],[1.73,0],[0,-11.046],[-11.046,0],[-1.601,0.413]],"o":[[0,-9.316],[-1.601,-0.413],[-11.046,0],[0,11.046],[1.73,0],[-8.621,-2.223]],"v":[[-2.5,0],[12.5,-19.344],[7.5,-20],[-12.5,0],[7.5,20],[12.5,19.344]],"c":true},"ix":2},"nm":"Path 1","mn":"ADBE Vector Shape - Group","hd":false},{"ty":"fl","c":{"a":0,"k":[0.917647063732,0.964705884457,1,1],"ix":4},"o":{"a":0,"k":100,"ix":5},"r":1,"bm":0,"nm":"Fill 1","mn":"ADBE Vector Graphic - Fill","hd":false},{"ty":"tr","p":{"a":0,"k":[17.315,676.026],"ix":2},"a":{"a":0,"k":[0,0],"ix":1},"s":{"a":0,"k":[100,100],"ix":3},"r":{"a":0,"k":0,"ix":6},"o":{"a":0,"k":100,"ix":7},"sk":{"a":0,"k":0,"ix":4},"sa":{"a":0,"k":0,"ix":5},"nm":"Transform"}],"nm":"Group 3","np":2,"cix":2,"bm":0,"ix":3,"mn":"ADBE Vector Group","hd":false},{"ty":"gr","it":[{"ind":0,"ty":"sh","ix":1,"ks":{"a":0,"k":{"i":[[-11.046,0],[0,-11.046],[11.046,0],[0,11.046]],"o":[[11.046,0],[0,11.046],[-11.046,0],[0,-11.046]],"v":[[0,-20],[20,0],[0,20],[-20,0]],"c":true},"ix":2},"nm":"Path 1","mn":"ADBE Vector Shape - Group","hd":false},{"ty":"fl","c":{"a":0,"k":[1,1,1,1],"ix":4},"o":{"a":0,"k":100,"ix":5},"r":1,"bm":0,"nm":"Fill 1","mn":"ADBE Vector Graphic - Fill","hd":false},{"ty":"tr","p":{"a":0,"k":[24.815,676.026],"ix":2},"a":{"a":0,"k":[0,0],"ix":1},"s":{"a":0,"k":[100,100],"ix":3},"r":{"a":0,"k":0,"ix":6},"o":{"a":0,"k":100,"ix":7},"sk":{"a":0,"k":0,"ix":4},"sa":{"a":0,"k":0,"ix":5},"nm":"Transform"}],"nm":"Group 4","np":2,"cix":2,"bm":0,"ix":4,"mn":"ADBE Vector Group","hd":false},{"ty":"gr","it":[{"ind":0,"ty":"sh","ix":1,"ks":{"a":0,"k":{"i":[[0,0],[-8.284,0],[0,0],[0,-8.284],[0,0],[0,0]],"o":[[0,-8.284],[0,0],[-8.284,0],[0,0],[0,0],[0,0]],"v":[[7.75,-37.167],[22.75,-52.167],[-7.75,-52.167],[-22.75,-37.167],[-22.75,52.167],[7.75,52.167]],"c":true},"ix":2},"nm":"Path 1","mn":"ADBE Vector Shape - Group","hd":false},{"ty":"fl","c":{"a":0,"k":[0.535993389055,0.639618757659,0.811136642157,1],"ix":4},"o":{"a":0,"k":100,"ix":5},"r":1,"bm":0,"nm":"Fill 1","mn":"ADBE Vector Graphic - Fill","hd":false},{"ty":"tr","p":{"a":0,"k":[-254.935,688.693],"ix":2},"a":{"a":0,"k":[0,0],"ix":1},"s":{"a":0,"k":[100,100],"ix":3},"r":{"a":0,"k":0,"ix":6},"o":{"a":0,"k":100,"ix":7},"sk":{"a":0,"k":0,"ix":4},"sa":{"a":0,"k":0,"ix":5},"nm":"Transform"}],"nm":"Group 5","np":2,"cix":2,"bm":0,"ix":5,"mn":"ADBE Vector Group","hd":false},{"ty":"gr","it":[{"ind":0,"ty":"sh","ix":1,"ks":{"a":0,"k":{"i":[[0,0],[8.284,0],[0,0],[0,-8.284],[0,0],[0,0],[0,0]],"o":[[0,-8.284],[0,0],[-8.284,0],[0,0],[0,0],[0,0],[0,0]],"v":[[188.5,-37.167],[173.5,-52.167],[-173.5,-52.167],[-188.5,-37.167],[-188.5,52.167],[188.499,52.167],[188.499,-37.167]],"c":true},"ix":2},"nm":"Path 1","mn":"ADBE Vector Shape - Group","hd":false},{"ty":"fl","c":{"a":0,"k":[0.588235294118,0.701960784314,0.89019613827,1],"ix":4},"o":{"a":0,"k":100,"ix":5},"r":1,"bm":0,"nm":"Fill 1","mn":"ADBE Vector Graphic - Fill","hd":false},{"ty":"tr","p":{"a":0,"k":[-89.185,688.693],"ix":2},"a":{"a":0,"k":[0,0],"ix":1},"s":{"a":0,"k":[100,100],"ix":3},"r":{"a":0,"k":0,"ix":6},"o":{"a":0,"k":100,"ix":7},"sk":{"a":0,"k":0,"ix":4},"sa":{"a":0,"k":0,"ix":5},"nm":"Transform"}],"nm":"Group 6","np":2,"cix":2,"bm":0,"ix":6,"mn":"ADBE Vector Group","hd":false},{"ty":"gr","it":[{"ind":0,"ty":"sh","ix":1,"ks":{"a":0,"k":{"i":[[0,0],[0,0],[4.143,0],[0,-4.142],[0,0]],"o":[[0,0],[0,-4.142],[-4.143,0],[0,0],[0,0]],"v":[[7.5,11.583],[7.5,-4.083],[0,-11.583],[-7.5,-4.083],[-7.5,11.583]],"c":true},"ix":2},"nm":"Path 1","mn":"ADBE Vector Shape - Group","hd":false},{"ty":"fl","c":{"a":0,"k":[1,1,1,1],"ix":4},"o":{"a":0,"k":100,"ix":5},"r":1,"bm":0,"nm":"Fill 1","mn":"ADBE Vector Graphic - Fill","hd":false},{"ty":"tr","p":{"a":0,"k":[-89.185,625.943],"ix":2},"a":{"a":0,"k":[0,0],"ix":1},"s":{"a":0,"k":[100,100],"ix":3},"r":{"a":0,"k":0,"ix":6},"o":{"a":0,"k":100,"ix":7},"sk":{"a":0,"k":0,"ix":4},"sa":{"a":0,"k":0,"ix":5},"nm":"Transform"}],"nm":"Group 7","np":2,"cix":2,"bm":0,"ix":7,"mn":"ADBE Vector Group","hd":false},{"ty":"gr","it":[{"ind":0,"ty":"sh","ix":1,"ks":{"a":0,"k":{"i":[[0,0],[0,0],[4.143,0],[0,-4.142],[0,0]],"o":[[0,0],[0,-4.142],[-4.143,0],[0,0],[0,0]],"v":[[7.5,11.583],[7.5,-4.083],[0,-11.583],[-7.5,-4.083],[-7.5,11.583]],"c":true},"ix":2},"nm":"Path 1","mn":"ADBE Vector Shape - Group","hd":false},{"ty":"fl","c":{"a":0,"k":[1,1,1,1],"ix":4},"o":{"a":0,"k":100,"ix":5},"r":1,"bm":0,"nm":"Fill 1","mn":"ADBE Vector Graphic - Fill","hd":false},{"ty":"tr","p":{"a":0,"k":[22.815,625.943],"ix":2},"a":{"a":0,"k":[0,0],"ix":1},"s":{"a":0,"k":[100,100],"ix":3},"r":{"a":0,"k":0,"ix":6},"o":{"a":0,"k":100,"ix":7},"sk":{"a":0,"k":0,"ix":4},"sa":{"a":0,"k":0,"ix":5},"nm":"Transform"}],"nm":"Group 8","np":2,"cix":2,"bm":0,"ix":8,"mn":"ADBE Vector Group","hd":false},{"ty":"gr","it":[{"ind":0,"ty":"sh","ix":1,"ks":{"a":0,"k":{"i":[[0,0],[0,0],[4.143,0],[0,-4.142],[0,0]],"o":[[0,0],[0,-4.142],[-4.143,0],[0,0],[0,0]],"v":[[7.5,11.583],[7.5,-4.083],[0,-11.583],[-7.5,-4.083],[-7.5,11.583]],"c":true},"ix":2},"nm":"Path 1","mn":"ADBE Vector Shape - Group","hd":false},{"ty":"fl","c":{"a":0,"k":[1,1,1,1],"ix":4},"o":{"a":0,"k":100,"ix":5},"r":1,"bm":0,"nm":"Fill 1","mn":"ADBE Vector Graphic - Fill","hd":false},{"ty":"tr","p":{"a":0,"k":[-201.185,625.943],"ix":2},"a":{"a":0,"k":[0,0],"ix":1},"s":{"a":0,"k":[100,100],"ix":3},"r":{"a":0,"k":0,"ix":6},"o":{"a":0,"k":100,"ix":7},"sk":{"a":0,"k":0,"ix":4},"sa":{"a":0,"k":0,"ix":5},"nm":"Transform"}],"nm":"Group 9","np":2,"cix":2,"bm":0,"ix":9,"mn":"ADBE Vector Group","hd":false},{"ty":"gr","it":[{"ind":0,"ty":"sh","ix":1,"ks":{"a":0,"k":{"i":[[0,0],[0,0],[-2.761,0],[0,0],[0,-2.761],[0,0]],"o":[[0,0],[0,-2.761],[0,0],[-2.761,0],[0,0],[0,0]],"v":[[18.357,16.488],[18.357,-11.488],[23.357,-16.488],[-18.357,-16.488],[-23.357,-11.488],[-23.357,16.488]],"c":true},"ix":2},"nm":"Path 1","mn":"ADBE Vector Shape - Group","hd":false},{"ty":"fl","c":{"a":0,"k":[0.255972499473,0.375426348518,0.607508042279,1],"ix":4},"o":{"a":0,"k":100,"ix":5},"r":1,"bm":0,"nm":"Fill 1","mn":"ADBE Vector Graphic - Fill","hd":false},{"ty":"tr","p":{"a":0,"k":[-156.542,620.039],"ix":2},"a":{"a":0,"k":[0,0],"ix":1},"s":{"a":0,"k":[100,100],"ix":3},"r":{"a":0,"k":0,"ix":6},"o":{"a":0,"k":100,"ix":7},"sk":{"a":0,"k":0,"ix":4},"sa":{"a":0,"k":0,"ix":5},"nm":"Transform"}],"nm":"Group 10","np":2,"cix":2,"bm":0,"ix":10,"mn":"ADBE Vector Group","hd":false},{"ty":"gr","it":[{"ind":0,"ty":"sh","ix":1,"ks":{"a":0,"k":{"i":[[0,0],[0,0],[2.761,0],[0,0],[0,-2.761],[0,0]],"o":[[0,0],[0,-2.761],[0,0],[-2.761,0],[0,0],[0,0]],"v":[[90.715,16.987],[90.715,-11.987],[85.715,-16.987],[-85.715,-16.987],[-90.715,-11.987],[-90.715,16.987]],"c":true},"ix":2},"nm":"Path 1","mn":"ADBE Vector Shape - Group","hd":false},{"ty":"fl","c":{"a":0,"k":[0.294117647059,0.431372578939,0.698039215686,1],"ix":4},"o":{"a":0,"k":100,"ix":5},"r":1,"bm":0,"nm":"Fill 1","mn":"ADBE Vector Graphic - Fill","hd":false},{"ty":"tr","p":{"a":0,"k":[-89.185,620.539],"ix":2},"a":{"a":0,"k":[0,0],"ix":1},"s":{"a":0,"k":[100,100],"ix":3},"r":{"a":0,"k":0,"ix":6},"o":{"a":0,"k":100,"ix":7},"sk":{"a":0,"k":0,"ix":4},"sa":{"a":0,"k":0,"ix":5},"nm":"Transform"}],"nm":"Group 11","np":2,"cix":2,"bm":0,"ix":11,"mn":"ADBE Vector Group","hd":false}],"ip":0,"op":181,"st":-187,"bm":0},{"ddd":0,"ind":8,"ty":4,"nm":"Fire 2","parent":7,"sr":1,"ks":{"o":{"a":0,"k":100,"ix":11},"r":{"a":0,"k":0,"ix":10},"p":{"a":0,"k":[-89.185,604.551,0],"ix":2},"a":{"a":0,"k":[-89.185,604.551,0],"ix":1},"s":{"a":1,"k":[{"i":{"x":[0.667,0.667,0.667],"y":[1,1,1]},"o":{"x":[0.333,0.333,0.333],"y":[0,0,0]},"t":0,"s":[100,100,100]},{"i":{"x":[0.667,0.667,0.667],"y":[1,1,1]},"o":{"x":[0.333,0.333,0.333],"y":[0,0,0]},"t":15,"s":[100,82,100]},{"i":{"x":[0.667,0.667,0.667],"y":[1,1,1]},"o":{"x":[0.333,0.333,0.333],"y":[0,0,0]},"t":30,"s":[100,115,100]},{"i":{"x":[0.667,0.667,0.667],"y":[1,1,1]},"o":{"x":[0.333,0.333,0.333],"y":[0,0,0]},"t":45,"s":[100,92,100]},{"i":{"x":[0.667,0.667,0.667],"y":[1,1,1]},"o":{"x":[0.333,0.333,0.333],"y":[0,0,0]},"t":60,"s":[100,108,100]},{"i":{"x":[0.667,0.667,0.667],"y":[1,1,1]},"o":{"x":[0.333,0.333,0.333],"y":[0,0,0]},"t":75,"s":[100,103,100]},{"i":{"x":[0.667,0.667,0.667],"y":[1,1,1]},"o":{"x":[0.333,0.333,0.333],"y":[0,0,0]},"t":90,"s":[100,93,100]},{"i":{"x":[0.667,0.667,0.667],"y":[1,1,1]},"o":{"x":[0.333,0.333,0.333],"y":[0,0,0]},"t":105,"s":[100,98,100]},{"i":{"x":[0.667,0.667,0.667],"y":[1,1,1]},"o":{"x":[0.333,0.333,0.333],"y":[0,0,0]},"t":120,"s":[100,93,100]},{"i":{"x":[0.667,0.667,0.667],"y":[1,1,1]},"o":{"x":[0.333,0.333,0.333],"y":[0,0,0]},"t":135,"s":[100,104,100]},{"i":{"x":[0.667,0.667,0.667],"y":[1,1,1]},"o":{"x":[0.333,0.333,0.333],"y":[0,0,0]},"t":150,"s":[100,103,100]},{"i":{"x":[0.667,0.667,0.667],"y":[1,1,1]},"o":{"x":[0.333,0.333,0.333],"y":[0,0,0]},"t":165,"s":[100,91,100]},{"t":180,"s":[100,100,100]}],"ix":6}},"ao":0,"shapes":[{"ty":"gr","it":[{"ind":0,"ty":"sh","ix":1,"ks":{"a":0,"k":{"i":[[0,0],[0,0.421],[-0.782,1.508],[-3.324,4.915],[0,0],[0.887,0],[0.433,-0.64],[0.034,-0.065],[0,-1.649],[-0.05,-0.409],[0,0]],"o":[[-0.051,-0.409],[0,-1.649],[0.022,-0.042],[-1.834,-2.712],[-0.433,-0.64],[-0.887,0],[0,0],[-0.782,1.507],[0,0.419],[0,0],[0,0]],"v":[[0.886,14.52],[0.8,13.277],[1.979,8.52],[10,-3.35],[6.741,-8.167],[4.6,-9.205],[2.459,-8.167],[-8.821,8.519],[-10,13.276],[-9.923,14.519],[0.886,14.519]],"c":true},"ix":2},"nm":"Path 1","mn":"ADBE Vector Shape - Group","hd":false},{"ty":"fl","c":{"a":0,"k":[0.891851567287,0.611349846335,0.129462313185,1],"ix":4},"o":{"a":0,"k":100,"ix":5},"r":1,"bm":0,"nm":"Fill 1","mn":"ADBE Vector Graphic - Fill","hd":false},{"ty":"tr","p":{"a":0,"k":[-140.185,589.205],"ix":2},"a":{"a":0,"k":[0,0],"ix":1},"s":{"a":0,"k":[100,100],"ix":3},"r":{"a":0,"k":0,"ix":6},"o":{"a":0,"k":100,"ix":7},"sk":{"a":0,"k":0,"ix":4},"sa":{"a":0,"k":0,"ix":5},"nm":"Transform"}],"nm":"Group 1","np":2,"cix":2,"bm":0,"ix":1,"mn":"ADBE Vector Group","hd":false},{"ty":"gr","it":[{"ind":0,"ty":"sh","ix":1,"ks":{"a":0,"k":{"i":[[0,0],[0,0.706],[0.783,1.509],[0,0],[0.887,0],[0.433,-0.64],[0.034,-0.065],[0,-1.649],[-0.141,-0.673]],"o":[[0.142,-0.674],[0,-1.649],[-0.033,-0.064],[-0.433,-0.64],[-0.887,0],[0,0],[-0.782,1.507],[0,0.707],[0,0]],"v":[[14.37,14.846],[14.601,12.777],[13.421,8.019],[2.141,-8.667],[0,-9.704],[-2.141,-8.667],[-13.422,8.02],[-14.6,12.777],[-14.37,14.846]],"c":true},"ix":2},"nm":"Path 1","mn":"ADBE Vector Shape - Group","hd":false},{"ty":"fl","c":{"a":0,"k":[0.972549079446,0.666666666667,0.141176470588,1],"ix":4},"o":{"a":0,"k":100,"ix":5},"r":1,"bm":0,"nm":"Fill 1","mn":"ADBE Vector Graphic - Fill","hd":false},{"ty":"tr","p":{"a":0,"k":[-135.585,589.706],"ix":2},"a":{"a":0,"k":[0,0],"ix":1},"s":{"a":0,"k":[100,100],"ix":3},"r":{"a":0,"k":0,"ix":6},"o":{"a":0,"k":100,"ix":7},"sk":{"a":0,"k":0,"ix":4},"sa":{"a":0,"k":0,"ix":5},"nm":"Transform"}],"nm":"Group 2","np":2,"cix":2,"bm":0,"ix":2,"mn":"ADBE Vector Group","hd":false},{"ty":"gr","it":[{"ind":0,"ty":"sh","ix":1,"ks":{"a":0,"k":{"i":[[0,0],[0,0.421],[-0.782,1.508],[-3.333,4.927],[0,0],[0.887,0],[0.433,-0.64],[0.034,-0.065],[0,-1.649],[-0.05,-0.409]],"o":[[-0.051,-0.409],[0,-1.649],[0.022,-0.043],[-1.738,-2.569],[-0.433,-0.64],[-0.887,0],[0,0],[-0.782,1.507],[0,0.419],[0,0]],"v":[[0.586,14.519],[0.5,13.276],[1.679,8.52],[9.9,-3.646],[6.841,-8.167],[4.7,-9.205],[2.559,-8.167],[-8.721,8.52],[-9.9,13.276],[-9.823,14.519]],"c":true},"ix":2},"nm":"Path 1","mn":"ADBE Vector Shape - Group","hd":false},{"ty":"fl","c":{"a":0,"k":[0.891851567287,0.611349846335,0.129462313185,1],"ix":4},"o":{"a":0,"k":100,"ix":5},"r":1,"bm":0,"nm":"Fill 1","mn":"ADBE Vector Graphic - Fill","hd":false},{"ty":"tr","p":{"a":0,"k":[-93.885,589.205],"ix":2},"a":{"a":0,"k":[0,0],"ix":1},"s":{"a":0,"k":[100,100],"ix":3},"r":{"a":0,"k":0,"ix":6},"o":{"a":0,"k":100,"ix":7},"sk":{"a":0,"k":0,"ix":4},"sa":{"a":0,"k":0,"ix":5},"nm":"Transform"}],"nm":"Group 3","np":2,"cix":2,"bm":0,"ix":3,"mn":"ADBE Vector Group","hd":false},{"ty":"gr","it":[{"ind":0,"ty":"sh","ix":1,"ks":{"a":0,"k":{"i":[[0,0],[0,0.706],[0.783,1.509],[0,0],[0.887,0],[0.433,-0.64],[0.034,-0.065],[0,-1.649],[-0.141,-0.673],[0,0]],"o":[[0.142,-0.674],[0,-1.649],[-0.033,-0.064],[-0.433,-0.641],[-0.887,0],[0,0],[-0.782,1.507],[0,0.707],[0,0],[0,0]],"v":[[14.37,14.846],[14.6,12.777],[13.42,8.02],[2.141,-8.666],[0,-9.705],[-2.141,-8.667],[-13.421,8.02],[-14.6,12.776],[-14.37,14.845],[14.37,14.845]],"c":true},"ix":2},"nm":"Path 1","mn":"ADBE Vector Shape - Group","hd":false},{"ty":"fl","c":{"a":0,"k":[0.972549079446,0.666666666667,0.141176470588,1],"ix":4},"o":{"a":0,"k":100,"ix":5},"r":1,"bm":0,"nm":"Fill 1","mn":"ADBE Vector Graphic - Fill","hd":false},{"ty":"tr","p":{"a":0,"k":[-89.185,589.705],"ix":2},"a":{"a":0,"k":[0,0],"ix":1},"s":{"a":0,"k":[100,100],"ix":3},"r":{"a":0,"k":0,"ix":6},"o":{"a":0,"k":100,"ix":7},"sk":{"a":0,"k":0,"ix":4},"sa":{"a":0,"k":0,"ix":5},"nm":"Transform"}],"nm":"Group 4","np":2,"cix":2,"bm":0,"ix":4,"mn":"ADBE Vector Group","hd":false},{"ty":"gr","it":[{"ind":0,"ty":"sh","ix":1,"ks":{"a":0,"k":{"i":[[0,0],[0,0.421],[-0.782,1.508],[-3.335,4.93],[0,0],[0.887,0],[0.433,-0.64],[0.034,-0.065],[0,-1.649],[-0.05,-0.409]],"o":[[-0.051,-0.409],[0,-1.649],[0.022,-0.043],[-1.688,-2.495],[-0.433,-0.64],[-0.887,0],[0,0],[-0.782,1.507],[0,0.419],[0,0]],"v":[[0.436,14.519],[0.35,13.276],[1.529,8.52],[9.85,-3.793],[6.891,-8.167],[4.75,-9.205],[2.609,-8.167],[-8.671,8.52],[-9.85,13.276],[-9.773,14.519]],"c":true},"ix":2},"nm":"Path 1","mn":"ADBE Vector Shape - Group","hd":false},{"ty":"fl","c":{"a":0,"k":[0.891851567287,0.611349846335,0.129462313185,1],"ix":4},"o":{"a":0,"k":100,"ix":5},"r":1,"bm":0,"nm":"Fill 1","mn":"ADBE Vector Graphic - Fill","hd":false},{"ty":"tr","p":{"a":0,"k":[-47.535,589.205],"ix":2},"a":{"a":0,"k":[0,0],"ix":1},"s":{"a":0,"k":[100,100],"ix":3},"r":{"a":0,"k":0,"ix":6},"o":{"a":0,"k":100,"ix":7},"sk":{"a":0,"k":0,"ix":4},"sa":{"a":0,"k":0,"ix":5},"nm":"Transform"}],"nm":"Group 5","np":2,"cix":2,"bm":0,"ix":5,"mn":"ADBE Vector Group","hd":false},{"ty":"gr","it":[{"ind":0,"ty":"sh","ix":1,"ks":{"a":0,"k":{"i":[[0,0],[0,0.706],[0.783,1.509],[0,0],[0.887,0],[0.433,-0.64],[0.034,-0.065],[0,-1.649],[-0.141,-0.673]],"o":[[0.142,-0.674],[0,-1.649],[-0.033,-0.064],[-0.433,-0.64],[-0.887,0],[0,0],[-0.782,1.507],[0,0.707],[0,0]],"v":[[14.37,14.846],[14.6,12.777],[13.42,8.019],[2.141,-8.667],[0,-9.704],[-2.141,-8.667],[-13.421,8.02],[-14.6,12.777],[-14.37,14.846]],"c":true},"ix":2},"nm":"Path 1","mn":"ADBE Vector Shape - Group","hd":false},{"ty":"fl","c":{"a":0,"k":[0.972549079446,0.666666666667,0.141176470588,1],"ix":4},"o":{"a":0,"k":100,"ix":5},"r":1,"bm":0,"nm":"Fill 1","mn":"ADBE Vector Graphic - Fill","hd":false},{"ty":"tr","p":{"a":0,"k":[-42.785,589.706],"ix":2},"a":{"a":0,"k":[0,0],"ix":1},"s":{"a":0,"k":[100,100],"ix":3},"r":{"a":0,"k":0,"ix":6},"o":{"a":0,"k":100,"ix":7},"sk":{"a":0,"k":0,"ix":4},"sa":{"a":0,"k":0,"ix":5},"nm":"Transform"}],"nm":"Group 6","np":2,"cix":2,"bm":0,"ix":6,"mn":"ADBE Vector Group","hd":false}],"ip":0,"op":181,"st":-187,"bm":0}],"markers":[]}