{"nm":"1","ddd":0,"h":500,"w":500,"meta":{"g":"LottieFiles AE 0.1.20"},"layers":[{"ty":4,"nm":"Layer 2 Outlines","sr":1,"st":0,"op":250,"ip":0,"hd":false,"ddd":0,"bm":0,"hasMask":false,"ao":0,"ks":{"a":{"a":0,"k":[35.25,35.25,0],"ix":1},"s":{"a":0,"k":[100,100,100],"ix":6},"sk":{"a":0,"k":0},"p":{"a":0,"k":[339.635,215.639,0],"ix":2},"r":{"a":0,"k":-0.001,"ix":10},"sa":{"a":0,"k":0},"o":{"a":0,"k":100,"ix":11}},"ef":[],"shapes":[{"ty":"gr","bm":0,"hd":false,"mn":"ADBE Vector Group","nm":"Group 1","ix":1,"cix":2,"np":2,"it":[{"ty":"sh","bm":0,"hd":false,"mn":"ADBE Vector Shape - Group","nm":"Path 1","ix":1,"d":1,"ks":{"a":0,"k":{"c":true,"i":[[0,0],[0,0],[0,0],[0,0]],"o":[[0,0],[0,0],[0,0],[0,0]],"v":[[7,7],[-7,7],[-7,-7],[7,-7]]},"ix":2}},{"ty":"fl","bm":0,"hd":false,"mn":"ADBE Vector Graphic - Fill","nm":"Fill 1","c":{"a":0,"k":[0.898,0.898,0.898],"ix":4},"r":1,"o":{"a":0,"k":100,"ix":5}},{"ty":"tr","a":{"a":0,"k":[0,0],"ix":1},"s":{"a":0,"k":[100,100],"ix":3},"sk":{"a":0,"k":0,"ix":4},"p":{"a":0,"k":[35.25,35.25],"ix":2},"r":{"a":0,"k":0,"ix":6},"sa":{"a":0,"k":0,"ix":5},"o":{"a":0,"k":100,"ix":7}}]},{"ty":"gr","bm":0,"hd":false,"mn":"ADBE Vector Group","nm":"Group 2","ix":2,"cix":2,"np":2,"it":[{"ty":"sh","bm":0,"hd":false,"mn":"ADBE Vector Shape - Group","nm":"Path 1","ix":1,"d":1,"ks":{"a":0,"k":{"c":true,"i":[[0,-11.598],[11.598,0],[0,11.598],[-11.598,0]],"o":[[0,11.598],[-11.598,0],[0,-11.598],[11.598,0]],"v":[[21,0],[0,21],[-21,0],[0,-21]]},"ix":2}},{"ty":"fl","bm":0,"hd":false,"mn":"ADBE Vector Graphic - Fill","nm":"Fill 1","c":{"a":0,"k":[0.8118,0.8118,0.8118],"ix":4},"r":1,"o":{"a":0,"k":100,"ix":5}},{"ty":"tr","a":{"a":0,"k":[0,0],"ix":1},"s":{"a":0,"k":[100,100],"ix":3},"sk":{"a":0,"k":0,"ix":4},"p":{"a":0,"k":[35.25,35.25],"ix":2},"r":{"a":0,"k":0,"ix":6},"sa":{"a":0,"k":0,"ix":5},"o":{"a":0,"k":100,"ix":7}}]},{"ty":"gr","bm":0,"hd":false,"mn":"ADBE Vector Group","nm":"Group 3","ix":3,"cix":2,"np":2,"it":[{"ty":"sh","bm":0,"hd":false,"mn":"ADBE Vector Shape - Group","nm":"Path 1","ix":1,"d":1,"ks":{"a":0,"k":{"c":true,"i":[[0,-19.33],[19.33,0],[0,19.33],[-19.33,0]],"o":[[0,19.33],[-19.33,0],[0,-19.33],[19.33,0]],"v":[[35,0],[0,35],[-35,0],[0,-35]]},"ix":2}},{"ty":"fl","bm":0,"hd":false,"mn":"ADBE Vector Graphic - Fill","nm":"Fill 1","c":{"a":0,"k":[0.0667,0.1725,0.251],"ix":4},"r":1,"o":{"a":0,"k":100,"ix":5}},{"ty":"tr","a":{"a":0,"k":[0,0],"ix":1},"s":{"a":0,"k":[100,100],"ix":3},"sk":{"a":0,"k":0,"ix":4},"p":{"a":0,"k":[35.25,35.25],"ix":2},"r":{"a":0,"k":0,"ix":6},"sa":{"a":0,"k":0,"ix":5},"o":{"a":0,"k":100,"ix":7}}]}],"ind":1,"parent":6},{"ty":4,"nm":"Layer 3 Outlines","sr":1,"st":0,"op":250,"ip":0,"hd":false,"ddd":0,"bm":0,"hasMask":false,"ao":0,"ks":{"a":{"a":0,"k":[66.75,80.75,0],"ix":1},"s":{"a":0,"k":[100,100,100],"ix":6},"sk":{"a":0,"k":0},"p":{"a":0,"k":[339.748,134.745,0],"ix":2},"r":{"a":0,"k":-0.001,"ix":10},"sa":{"a":0,"k":0},"o":{"a":0,"k":100,"ix":11}},"ef":[],"shapes":[{"ty":"gr","bm":0,"hd":false,"mn":"ADBE Vector Group","nm":"Group 1","ix":1,"cix":2,"np":2,"it":[{"ty":"sh","bm":0,"hd":false,"mn":"ADBE Vector Shape - Group","nm":"Path 1","ix":1,"d":1,"ks":{"a":0,"k":{"c":true,"i":[[0,0],[0,0],[0,0],[0,0]],"o":[[0,0],[0,0],[0,0],[0,0]],"v":[[7,80.5],[-7,80.5],[-7,-80.5],[7,-80.5]]},"ix":2}},{"ty":"fl","bm":0,"hd":false,"mn":"ADBE Vector Graphic - Fill","nm":"Fill 1","c":{"a":0,"k":[0.7373,0.0588,0.0824],"ix":4},"r":1,"o":{"a":0,"k":100,"ix":5}},{"ty":"tr","a":{"a":0,"k":[0,0],"ix":1},"s":{"a":0,"k":[100,100],"ix":3},"sk":{"a":0,"k":0,"ix":4},"p":{"a":0,"k":[7.25,80.75],"ix":2},"r":{"a":0,"k":0,"ix":6},"sa":{"a":0,"k":0,"ix":5},"o":{"a":0,"k":100,"ix":7}}]},{"ty":"gr","bm":0,"hd":false,"mn":"ADBE Vector Group","nm":"Group 2","ix":2,"cix":2,"np":2,"it":[{"ty":"sh","bm":0,"hd":false,"mn":"ADBE Vector Shape - Group","nm":"Path 1","ix":1,"d":1,"ks":{"a":0,"k":{"c":true,"i":[[0,0],[0,0],[0,0],[0,0]],"o":[[0,0],[0,0],[0,0],[0,0]],"v":[[-41.3,21.738],[-41.3,22.298],[41.3,22.298],[23.461,-22.298]]},"ix":2}},{"ty":"fl","bm":0,"hd":false,"mn":"ADBE Vector Graphic - Fill","nm":"Fill 1","c":{"a":0,"k":[0.2431,0.549,0.7804],"ix":4},"r":1,"o":{"a":0,"k":100,"ix":5}},{"ty":"tr","a":{"a":0,"k":[0,0],"ix":1},"s":{"a":0,"k":[100,100],"ix":3},"sk":{"a":0,"k":0,"ix":4},"p":{"a":0,"k":[83.55,61.951],"ix":2},"r":{"a":0,"k":0,"ix":6},"sa":{"a":0,"k":0,"ix":5},"o":{"a":0,"k":100,"ix":7}}]},{"ty":"gr","bm":0,"hd":false,"mn":"ADBE Vector Group","nm":"Group 3","ix":3,"cix":2,"np":2,"it":[{"ty":"sh","bm":0,"hd":false,"mn":"ADBE Vector Shape - Group","nm":"Path 1","ix":1,"d":1,"ks":{"a":0,"k":{"c":true,"i":[[0,0],[0,0],[0,0],[0,0]],"o":[[0,0],[0,0],[0,0],[0,0]],"v":[[-41.3,28],[41.3,28],[18.9,-28],[-41.3,-28]]},"ix":2}},{"ty":"fl","bm":0,"hd":false,"mn":"ADBE Vector Graphic - Fill","nm":"Fill 1","c":{"a":0,"k":[0.2627,0.5961,0.8196],"ix":4},"r":1,"o":{"a":0,"k":100,"ix":5}},{"ty":"tr","a":{"a":0,"k":[0,0],"ix":1},"s":{"a":0,"k":[100,100],"ix":3},"sk":{"a":0,"k":0,"ix":4},"p":{"a":0,"k":[83.55,56.25],"ix":2},"r":{"a":0,"k":0,"ix":6},"sa":{"a":0,"k":0,"ix":5},"o":{"a":0,"k":100,"ix":7}}]},{"ty":"gr","bm":0,"hd":false,"mn":"ADBE Vector Group","nm":"Group 4","ix":4,"cix":2,"np":2,"it":[{"ty":"sh","bm":0,"hd":false,"mn":"ADBE Vector Shape - Group","nm":"Path 1","ix":1,"d":1,"ks":{"a":0,"k":{"c":true,"i":[[0,0],[0,0],[0,0],[0,0]],"o":[[0,0],[0,0],[0,0],[0,0]],"v":[[10.5,7],[-10.5,7],[-10.5,-7],[10.5,-7]]},"ix":2}},{"ty":"fl","bm":0,"hd":false,"mn":"ADBE Vector Graphic - Fill","nm":"Fill 1","c":{"a":0,"k":[0.898,0.898,0.898],"ix":4},"r":1,"o":{"a":0,"k":100,"ix":5}},{"ty":"tr","a":{"a":0,"k":[0,0],"ix":1},"s":{"a":0,"k":[100,100],"ix":3},"sk":{"a":0,"k":0,"ix":4},"p":{"a":0,"k":[122.75,133.25],"ix":2},"r":{"a":0,"k":0,"ix":6},"sa":{"a":0,"k":0,"ix":5},"o":{"a":0,"k":100,"ix":7}}]},{"ty":"gr","bm":0,"hd":false,"mn":"ADBE Vector Group","nm":"Group 5","ix":5,"cix":2,"np":2,"it":[{"ty":"sh","bm":0,"hd":false,"mn":"ADBE Vector Shape - Group","nm":"Path 1","ix":1,"d":1,"ks":{"a":0,"k":{"c":false,"i":[[0,0],[0,0],[0,0],[0,0],[0,0],[0,0],[0,0]],"o":[[0,0],[0,0],[0,0],[0,0],[0,0],[0,0],[0,0]],"v":[[-38.5,80.5],[-66.5,80.5],[-66.5,-80.5],[24.5,-80.5],[66.5,24.5],[66.5,80.5],[31.5,80.5]]},"ix":2}},{"ty":"fl","bm":0,"hd":false,"mn":"ADBE Vector Graphic - Fill","nm":"Fill 1","c":{"a":0,"k":[0.8863,0.1098,0.1294],"ix":4},"r":1,"o":{"a":0,"k":100,"ix":5}},{"ty":"tr","a":{"a":0,"k":[0,0],"ix":1},"s":{"a":0,"k":[100,100],"ix":3},"sk":{"a":0,"k":0,"ix":4},"p":{"a":0,"k":[66.75,80.75],"ix":2},"r":{"a":0,"k":0,"ix":6},"sa":{"a":0,"k":0,"ix":5},"o":{"a":0,"k":100,"ix":7}}]}],"ind":2,"parent":6},{"ty":4,"nm":"Layer 4 Outlines","sr":1,"st":0,"op":250,"ip":0,"hd":false,"ddd":0,"bm":0,"hasMask":false,"ao":0,"ks":{"a":{"a":0,"k":[35.25,35.25,0],"ix":1},"s":{"a":1,"k":[{"o":{"x":0.333,"y":0},"i":{"x":0.667,"y":1},"s":[0,0,100],"t":-40},{"s":[100,100,100],"t":10}],"ix":6},"sk":{"a":0,"k":0},"p":{"a":1,"k":[{"o":{"x":1,"y":0},"i":{"x":0,"y":1},"s":[-323.172,358.727,0],"t":0,"ti":[-78.695,0,0],"to":[78.695,0,0]},{"s":[149,358.727,0],"t":20}],"ix":2},"r":{"a":1,"k":[{"o":{"x":0.167,"y":0.167},"i":{"x":0.833,"y":0.689},"s":[-23],"t":0},{"o":{"x":0.167,"y":0.114},"i":{"x":0.833,"y":0.79},"s":[-22.867],"t":1},{"o":{"x":0.167,"y":0.138},"i":{"x":0.833,"y":0.809},"s":[-22.502],"t":2},{"o":{"x":0.167,"y":0.148},"i":{"x":0.833,"y":0.817},"s":[-21.948],"t":3},{"o":{"x":0.167,"y":0.153},"i":{"x":0.833,"y":0.822},"s":[-21.234],"t":4},{"o":{"x":0.167,"y":0.157},"i":{"x":0.833,"y":0.825},"s":[-20.385],"t":5},{"o":{"x":0.167,"y":0.159},"i":{"x":0.833,"y":0.826},"s":[-19.418],"t":6},{"o":{"x":0.167,"y":0.16},"i":{"x":0.833,"y":0.828},"s":[-18.35],"t":7},{"o":{"x":0.167,"y":0.161},"i":{"x":0.833,"y":0.829},"s":[-17.193],"t":8},{"o":{"x":0.167,"y":0.162},"i":{"x":0.833,"y":0.829},"s":[-15.957],"t":9},{"o":{"x":0.167,"y":0.163},"i":{"x":0.833,"y":0.83},"s":[-14.652],"t":10},{"o":{"x":0.167,"y":0.164},"i":{"x":0.833,"y":0.831},"s":[-13.287],"t":11},{"o":{"x":0.167,"y":0.164},"i":{"x":0.833,"y":0.831},"s":[-11.87],"t":12},{"o":{"x":0.167,"y":0.165},"i":{"x":0.833,"y":0.832},"s":[-10.407],"t":13},{"o":{"x":0.167,"y":0.165},"i":{"x":0.833,"y":0.832},"s":[-8.909],"t":14},{"o":{"x":0.167,"y":0.166},"i":{"x":0.833,"y":0.833},"s":[-7.382],"t":15},{"o":{"x":0.167,"y":0.167},"i":{"x":0.833,"y":0.834},"s":[-5.839],"t":16},{"o":{"x":0.167,"y":0.168},"i":{"x":0.833,"y":0.837},"s":[-4.294],"t":17},{"o":{"x":0.167,"y":0.17},"i":{"x":0.833,"y":0.842},"s":[-2.769],"t":18},{"o":{"x":0.167,"y":0.177},"i":{"x":0.833,"y":0.854},"s":[-1.305],"t":19},{"o":{"x":0.167,"y":0.194},"i":{"x":0.833,"y":0.876},"s":[0],"t":20},{"o":{"x":0.167,"y":0.252},"i":{"x":0.833,"y":0.915},"s":[0.979],"t":21},{"o":{"x":0.167,"y":3.873},"i":{"x":0.833,"y":3.544},"s":[1.462],"t":22},{"o":{"x":0.167,"y":0.081},"i":{"x":0.833,"y":0.79},"s":[1.473],"t":23},{"o":{"x":0.167,"y":0.138},"i":{"x":0.833,"y":0.832},"s":[1.138],"t":24},{"o":{"x":0.167,"y":0.165},"i":{"x":0.833,"y":0.852},"s":[0.63],"t":25},{"o":{"x":0.167,"y":0.19},"i":{"x":0.833,"y":0.87},"s":[0.114],"t":26},{"o":{"x":0.167,"y":0.232},"i":{"x":0.833,"y":0.9},"s":[-0.286],"t":27},{"o":{"x":0.167,"y":0.507},"i":{"x":0.833,"y":1.1},"s":[-0.511],"t":28},{"o":{"x":0.167,"y":0.045},"i":{"x":0.833,"y":0.765},"s":[-0.555],"t":29},{"o":{"x":0.167,"y":0.129},"i":{"x":0.833,"y":0.825},"s":[-0.458],"t":30},{"o":{"x":0.167,"y":0.159},"i":{"x":0.833,"y":0.847},"s":[-0.281],"t":31},{"o":{"x":0.167,"y":0.184},"i":{"x":0.833,"y":0.865},"s":[-0.087],"t":32},{"o":{"x":0.167,"y":0.218},"i":{"x":0.833,"y":0.89},"s":[0.074],"t":33},{"o":{"x":0.167,"y":0.343},"i":{"x":0.833,"y":0.981},"s":[0.174],"t":34},{"o":{"x":0.167,"y":-0.025},"i":{"x":0.833,"y":0.714},"s":[0.206],"t":35},{"o":{"x":0.167,"y":0.118},"i":{"x":0.833,"y":0.817},"s":[0.181],"t":36},{"o":{"x":0.167,"y":0.153},"i":{"x":0.833,"y":0.843},"s":[0.121],"t":37},{"o":{"x":0.167,"y":0.177},"i":{"x":0.833,"y":0.861},"s":[0.049],"t":38},{"o":{"x":0.167,"y":0.207},"i":{"x":0.833,"y":0.882},"s":[-0.014],"t":39},{"o":{"x":0.167,"y":0.284},"i":{"x":0.833,"y":0.938},"s":[-0.057],"t":40},{"o":{"x":0.167,"y":-0.246},"i":{"x":0.833,"y":0.553},"s":[-0.075],"t":41},{"o":{"x":0.167,"y":0.102},"i":{"x":0.833,"y":0.806},"s":[-0.07],"t":42},{"o":{"x":0.167,"y":0.146},"i":{"x":0.833,"y":0.838},"s":[-0.051],"t":43},{"o":{"x":0.167,"y":0.171},"i":{"x":0.833,"y":0.856},"s":[-0.025],"t":44},{"o":{"x":0.167,"y":0.198},"i":{"x":0.833,"y":0.876},"s":[0],"t":45},{"o":{"x":0.167,"y":0.252},"i":{"x":0.833,"y":0.915},"s":[0.018],"t":46},{"o":{"x":0.167,"y":3.873},"i":{"x":0.833,"y":3.544},"s":[0.027],"t":47},{"o":{"x":0.167,"y":0.081},"i":{"x":0.833,"y":0.79},"s":[0.027],"t":48},{"o":{"x":0.167,"y":0.138},"i":{"x":0.833,"y":0.832},"s":[0.021],"t":49},{"o":{"x":0.167,"y":0.165},"i":{"x":0.833,"y":0.852},"s":[0.012],"t":50},{"o":{"x":0.167,"y":0.19},"i":{"x":0.833,"y":0.87},"s":[0.002],"t":51},{"o":{"x":0.167,"y":0.232},"i":{"x":0.833,"y":0.9},"s":[-0.005],"t":52},{"o":{"x":0.167,"y":0.507},"i":{"x":0.833,"y":1.1},"s":[-0.009],"t":53},{"o":{"x":0.167,"y":0.045},"i":{"x":0.833,"y":0.765},"s":[-0.01],"t":54},{"o":{"x":0.167,"y":0.129},"i":{"x":0.833,"y":0.825},"s":[-0.008],"t":55},{"o":{"x":0.167,"y":0.159},"i":{"x":0.833,"y":0.847},"s":[-0.005],"t":56},{"o":{"x":0.167,"y":0.184},"i":{"x":0.833,"y":0.865},"s":[-0.002],"t":57},{"o":{"x":0.167,"y":0.218},"i":{"x":0.833,"y":0.89},"s":[0.001],"t":58},{"o":{"x":0.167,"y":0.343},"i":{"x":0.833,"y":0.981},"s":[0.003],"t":59},{"o":{"x":0.167,"y":-0.025},"i":{"x":0.833,"y":0.714},"s":[0.004],"t":60},{"o":{"x":0.167,"y":0.118},"i":{"x":0.833,"y":0.817},"s":[0.003],"t":61},{"o":{"x":0.167,"y":0.153},"i":{"x":0.833,"y":0.843},"s":[0.002],"t":62},{"o":{"x":0.167,"y":0.177},"i":{"x":0.833,"y":0.861},"s":[0.001],"t":63},{"o":{"x":0.167,"y":0.207},"i":{"x":0.833,"y":0.882},"s":[0],"t":64},{"o":{"x":0.167,"y":0.284},"i":{"x":0.833,"y":0.938},"s":[-0.001],"t":65},{"o":{"x":0.167,"y":-0.246},"i":{"x":0.833,"y":0.553},"s":[-0.001],"t":66},{"o":{"x":0.167,"y":0.102},"i":{"x":0.833,"y":0.806},"s":[-0.001],"t":67},{"o":{"x":0.167,"y":0.146},"i":{"x":0.833,"y":0.838},"s":[-0.001],"t":68},{"o":{"x":0.167,"y":0.171},"i":{"x":0.833,"y":0.856},"s":[0],"t":69},{"o":{"x":0.167,"y":0.198},"i":{"x":0.833,"y":0.876},"s":[0],"t":70},{"o":{"x":0.167,"y":0.252},"i":{"x":0.833,"y":0.915},"s":[0],"t":71},{"o":{"x":0.167,"y":3.873},"i":{"x":0.833,"y":3.544},"s":[0],"t":72},{"o":{"x":0.167,"y":0.081},"i":{"x":0.833,"y":0.79},"s":[0],"t":73},{"o":{"x":0.167,"y":0.138},"i":{"x":0.833,"y":0.832},"s":[0],"t":74},{"o":{"x":0.167,"y":0.165},"i":{"x":0.833,"y":0.852},"s":[0],"t":75},{"o":{"x":0.167,"y":0.19},"i":{"x":0.833,"y":0.87},"s":[0],"t":76},{"o":{"x":0.167,"y":0.232},"i":{"x":0.833,"y":0.9},"s":[0],"t":77},{"o":{"x":0.167,"y":0.507},"i":{"x":0.833,"y":1.1},"s":[0],"t":78},{"o":{"x":0.167,"y":0.045},"i":{"x":0.833,"y":0.765},"s":[0],"t":79},{"o":{"x":0.167,"y":0.129},"i":{"x":0.833,"y":0.825},"s":[0],"t":80},{"o":{"x":0.167,"y":0.159},"i":{"x":0.833,"y":0.847},"s":[0],"t":81},{"o":{"x":0.167,"y":0.184},"i":{"x":0.833,"y":0.865},"s":[0],"t":82},{"o":{"x":0.167,"y":0.218},"i":{"x":0.833,"y":0.89},"s":[0],"t":83},{"o":{"x":0.167,"y":0.343},"i":{"x":0.833,"y":0.981},"s":[0],"t":84},{"o":{"x":0.167,"y":-0.025},"i":{"x":0.833,"y":0.714},"s":[0],"t":85},{"o":{"x":0.167,"y":0.118},"i":{"x":0.833,"y":0.817},"s":[0],"t":86},{"o":{"x":0.167,"y":0.153},"i":{"x":0.833,"y":0.843},"s":[0],"t":87},{"o":{"x":0.167,"y":0.177},"i":{"x":0.833,"y":0.861},"s":[0],"t":88},{"o":{"x":0.167,"y":0.207},"i":{"x":0.833,"y":0.882},"s":[0],"t":89},{"o":{"x":0.167,"y":0.284},"i":{"x":0.833,"y":0.938},"s":[0],"t":90},{"o":{"x":0.167,"y":-0.246},"i":{"x":0.833,"y":0.553},"s":[0],"t":91},{"o":{"x":0.167,"y":0.102},"i":{"x":0.833,"y":0.806},"s":[0],"t":92},{"o":{"x":0.167,"y":0.146},"i":{"x":0.833,"y":0.838},"s":[0],"t":93},{"o":{"x":0.167,"y":0.171},"i":{"x":0.833,"y":0.856},"s":[0],"t":94},{"o":{"x":0.167,"y":0.198},"i":{"x":0.833,"y":0.876},"s":[0],"t":95},{"o":{"x":0.167,"y":0.252},"i":{"x":0.833,"y":0.915},"s":[0],"t":96},{"o":{"x":0.167,"y":0},"i":{"x":0.833,"y":1},"s":[0],"t":97},{"o":{"x":0.167,"y":0.081},"i":{"x":0.833,"y":0.79},"s":[0],"t":98},{"o":{"x":0.167,"y":0.138},"i":{"x":0.833,"y":0.832},"s":[0],"t":99},{"o":{"x":0.167,"y":0.165},"i":{"x":0.833,"y":0.852},"s":[0],"t":100},{"o":{"x":0.167,"y":0.19},"i":{"x":0.833,"y":0.87},"s":[0],"t":101},{"o":{"x":0.167,"y":0.232},"i":{"x":0.833,"y":0.9},"s":[0],"t":102},{"o":{"x":0.167,"y":0.507},"i":{"x":0.833,"y":1.1},"s":[0],"t":103},{"o":{"x":0.167,"y":0.045},"i":{"x":0.833,"y":0.765},"s":[0],"t":104},{"o":{"x":0.167,"y":0.129},"i":{"x":0.833,"y":0.825},"s":[0],"t":105},{"o":{"x":0.167,"y":0.159},"i":{"x":0.833,"y":0.847},"s":[0],"t":106},{"o":{"x":0.167,"y":0.184},"i":{"x":0.833,"y":0.865},"s":[0],"t":107},{"o":{"x":0.167,"y":0.218},"i":{"x":0.833,"y":0.89},"s":[0],"t":108},{"o":{"x":0.167,"y":0.343},"i":{"x":0.833,"y":0.981},"s":[0],"t":109},{"o":{"x":0.167,"y":-0.025},"i":{"x":0.833,"y":0.714},"s":[0],"t":110},{"o":{"x":0.167,"y":0.118},"i":{"x":0.833,"y":0.817},"s":[0],"t":111},{"o":{"x":0.167,"y":0.153},"i":{"x":0.833,"y":0.843},"s":[0],"t":112},{"o":{"x":0.167,"y":0.177},"i":{"x":0.833,"y":0.861},"s":[0],"t":113},{"o":{"x":0.167,"y":0.207},"i":{"x":0.833,"y":0.882},"s":[0],"t":114},{"o":{"x":0.167,"y":0.284},"i":{"x":0.833,"y":0.938},"s":[0],"t":115},{"o":{"x":0.167,"y":0},"i":{"x":0.833,"y":1},"s":[0],"t":116},{"o":{"x":0.167,"y":0.102},"i":{"x":0.833,"y":0.806},"s":[0],"t":117},{"o":{"x":0.167,"y":0.146},"i":{"x":0.833,"y":0.838},"s":[0],"t":118},{"o":{"x":0.167,"y":0.171},"i":{"x":0.833,"y":0.856},"s":[0],"t":119},{"o":{"x":0.167,"y":0.198},"i":{"x":0.833,"y":0.876},"s":[0],"t":120},{"o":{"x":0.167,"y":0},"i":{"x":0.833,"y":1},"s":[0],"t":121},{"o":{"x":0.167,"y":0},"i":{"x":0.833,"y":1},"s":[0],"t":122},{"o":{"x":0.167,"y":0},"i":{"x":0.833,"y":1},"s":[0],"t":123},{"o":{"x":0.167,"y":0},"i":{"x":0.833,"y":1},"s":[0],"t":124},{"o":{"x":0.167,"y":0},"i":{"x":0.833,"y":1},"s":[0],"t":125},{"o":{"x":0.167,"y":0},"i":{"x":0.833,"y":1},"s":[0],"t":126},{"o":{"x":0.167,"y":0},"i":{"x":0.833,"y":1},"s":[0],"t":127},{"o":{"x":0.167,"y":0},"i":{"x":0.833,"y":1},"s":[0],"t":128},{"o":{"x":0.167,"y":0},"i":{"x":0.833,"y":1},"s":[0],"t":129},{"o":{"x":0.167,"y":0},"i":{"x":0.833,"y":1},"s":[0],"t":130},{"o":{"x":0.167,"y":0},"i":{"x":0.833,"y":1},"s":[0],"t":131},{"o":{"x":0.167,"y":0},"i":{"x":0.833,"y":1},"s":[0],"t":132},{"o":{"x":0.167,"y":0},"i":{"x":0.833,"y":1},"s":[0],"t":133},{"o":{"x":0.167,"y":0},"i":{"x":0.833,"y":1},"s":[0],"t":134},{"o":{"x":0.167,"y":0},"i":{"x":0.833,"y":1},"s":[0],"t":135},{"o":{"x":0.167,"y":0},"i":{"x":0.833,"y":1},"s":[0],"t":136},{"o":{"x":0.167,"y":0},"i":{"x":0.833,"y":1},"s":[0],"t":137},{"o":{"x":0.167,"y":0},"i":{"x":0.833,"y":1},"s":[0],"t":138},{"o":{"x":0.167,"y":0},"i":{"x":0.833,"y":1},"s":[0],"t":139},{"o":{"x":0.167,"y":0},"i":{"x":0.833,"y":1},"s":[0],"t":140},{"o":{"x":0.167,"y":0},"i":{"x":0.833,"y":1},"s":[0],"t":141},{"o":{"x":0.167,"y":0},"i":{"x":0.833,"y":1},"s":[0],"t":142},{"o":{"x":0.167,"y":0},"i":{"x":0.833,"y":1},"s":[0],"t":143},{"o":{"x":0.167,"y":0},"i":{"x":0.833,"y":1},"s":[0],"t":144},{"o":{"x":0.167,"y":0},"i":{"x":0.833,"y":1},"s":[0],"t":145},{"o":{"x":0.167,"y":0},"i":{"x":0.833,"y":1},"s":[0],"t":146},{"o":{"x":0.167,"y":0},"i":{"x":0.833,"y":1},"s":[0],"t":147},{"o":{"x":0.167,"y":0},"i":{"x":0.833,"y":1},"s":[0],"t":148},{"o":{"x":0.167,"y":0},"i":{"x":0.833,"y":1},"s":[0],"t":149},{"o":{"x":0.167,"y":0},"i":{"x":0.833,"y":1},"s":[0],"t":150},{"o":{"x":0.167,"y":0},"i":{"x":0.833,"y":1},"s":[0],"t":151},{"o":{"x":0.167,"y":0},"i":{"x":0.833,"y":1},"s":[0],"t":152},{"o":{"x":0.167,"y":0},"i":{"x":0.833,"y":1},"s":[0],"t":153},{"o":{"x":0.167,"y":0},"i":{"x":0.833,"y":1},"s":[0],"t":154},{"o":{"x":0.167,"y":0},"i":{"x":0.833,"y":1},"s":[0],"t":155},{"o":{"x":0.167,"y":0},"i":{"x":0.833,"y":1},"s":[0],"t":156},{"o":{"x":0.167,"y":0},"i":{"x":0.833,"y":1},"s":[0],"t":157},{"o":{"x":0.167,"y":0},"i":{"x":0.833,"y":1},"s":[0],"t":158},{"o":{"x":0.167,"y":0},"i":{"x":0.833,"y":1},"s":[0],"t":159},{"o":{"x":0.167,"y":0},"i":{"x":0.833,"y":1},"s":[0],"t":160},{"o":{"x":0.167,"y":0},"i":{"x":0.833,"y":1},"s":[0],"t":161},{"o":{"x":0.167,"y":0},"i":{"x":0.833,"y":1},"s":[0],"t":162},{"o":{"x":0.167,"y":0},"i":{"x":0.833,"y":1},"s":[0],"t":163},{"o":{"x":0.167,"y":0},"i":{"x":0.833,"y":1},"s":[0],"t":164},{"o":{"x":0.167,"y":0},"i":{"x":0.833,"y":1},"s":[0],"t":165},{"o":{"x":0.167,"y":0},"i":{"x":0.833,"y":1},"s":[0],"t":166},{"o":{"x":0.167,"y":0},"i":{"x":0.833,"y":1},"s":[0],"t":167},{"o":{"x":0.167,"y":0},"i":{"x":0.833,"y":1},"s":[0],"t":168},{"o":{"x":0.167,"y":0},"i":{"x":0.833,"y":1},"s":[0],"t":169},{"o":{"x":0.167,"y":0},"i":{"x":0.833,"y":1},"s":[0],"t":170},{"o":{"x":0.167,"y":0},"i":{"x":0.833,"y":1},"s":[0],"t":171},{"o":{"x":0.167,"y":0},"i":{"x":0.833,"y":1},"s":[0],"t":172},{"o":{"x":0.167,"y":0},"i":{"x":0.833,"y":1},"s":[0],"t":173},{"o":{"x":0.167,"y":0},"i":{"x":0.833,"y":1},"s":[0],"t":174},{"o":{"x":0.167,"y":0},"i":{"x":0.833,"y":1},"s":[0],"t":175},{"o":{"x":0.167,"y":0},"i":{"x":0.833,"y":1},"s":[0],"t":176},{"o":{"x":0.167,"y":0},"i":{"x":0.833,"y":1},"s":[0],"t":177},{"o":{"x":0.167,"y":0},"i":{"x":0.833,"y":1},"s":[0],"t":178},{"o":{"x":0.167,"y":0},"i":{"x":0.833,"y":1},"s":[0],"t":179},{"o":{"x":0.167,"y":0},"i":{"x":0.833,"y":1},"s":[0],"t":180},{"o":{"x":0.167,"y":0},"i":{"x":0.833,"y":1},"s":[0],"t":181},{"o":{"x":0.167,"y":0},"i":{"x":0.833,"y":1},"s":[0],"t":182},{"o":{"x":0.167,"y":0},"i":{"x":0.833,"y":1},"s":[0],"t":183},{"o":{"x":0.167,"y":0},"i":{"x":0.833,"y":1},"s":[0],"t":184},{"o":{"x":0.167,"y":0},"i":{"x":0.833,"y":1},"s":[0],"t":185},{"o":{"x":0.167,"y":0},"i":{"x":0.833,"y":1},"s":[0],"t":186},{"o":{"x":0.167,"y":0},"i":{"x":0.833,"y":1},"s":[0],"t":187},{"o":{"x":0.167,"y":0},"i":{"x":0.833,"y":1},"s":[0],"t":188},{"o":{"x":0.167,"y":0},"i":{"x":0.833,"y":1},"s":[0],"t":189},{"o":{"x":0.167,"y":0},"i":{"x":0.833,"y":1},"s":[0],"t":190},{"o":{"x":0.167,"y":0},"i":{"x":0.833,"y":1},"s":[0],"t":191},{"o":{"x":0.167,"y":0},"i":{"x":0.833,"y":1},"s":[0],"t":192},{"o":{"x":0.167,"y":0},"i":{"x":0.833,"y":1},"s":[0],"t":193},{"o":{"x":0.167,"y":0},"i":{"x":0.833,"y":1},"s":[0],"t":194},{"o":{"x":0.167,"y":0},"i":{"x":0.833,"y":1},"s":[0],"t":195},{"o":{"x":0.167,"y":0},"i":{"x":0.833,"y":1},"s":[0],"t":196},{"o":{"x":0.167,"y":0},"i":{"x":0.833,"y":1},"s":[0],"t":197},{"o":{"x":0.167,"y":0},"i":{"x":0.833,"y":1},"s":[0],"t":198},{"o":{"x":0.167,"y":0},"i":{"x":0.833,"y":1},"s":[0],"t":199},{"o":{"x":0.167,"y":0},"i":{"x":0.833,"y":1},"s":[0],"t":200},{"o":{"x":0.167,"y":0},"i":{"x":0.833,"y":1},"s":[0],"t":201},{"o":{"x":0.167,"y":0},"i":{"x":0.833,"y":1},"s":[0],"t":202},{"o":{"x":0.167,"y":0},"i":{"x":0.833,"y":1},"s":[0],"t":203},{"o":{"x":0.167,"y":0},"i":{"x":0.833,"y":1},"s":[0],"t":204},{"o":{"x":0.167,"y":0},"i":{"x":0.833,"y":1},"s":[0],"t":205},{"o":{"x":0.167,"y":0},"i":{"x":0.833,"y":1},"s":[0],"t":206},{"o":{"x":0.167,"y":0},"i":{"x":0.833,"y":1},"s":[0],"t":207},{"o":{"x":0.167,"y":0},"i":{"x":0.833,"y":1},"s":[0],"t":208},{"o":{"x":0.167,"y":0},"i":{"x":0.833,"y":1},"s":[0],"t":209},{"o":{"x":0.167,"y":0},"i":{"x":0.833,"y":1},"s":[0],"t":210},{"o":{"x":0.167,"y":0},"i":{"x":0.833,"y":1},"s":[0],"t":211},{"o":{"x":0.167,"y":0},"i":{"x":0.833,"y":1},"s":[0],"t":212},{"o":{"x":0.167,"y":0},"i":{"x":0.833,"y":1},"s":[0],"t":213},{"o":{"x":0.167,"y":0},"i":{"x":0.833,"y":1},"s":[0],"t":214},{"o":{"x":0.167,"y":0},"i":{"x":0.833,"y":1},"s":[0],"t":215},{"o":{"x":0.167,"y":0},"i":{"x":0.833,"y":1},"s":[0],"t":216},{"o":{"x":0.167,"y":0},"i":{"x":0.833,"y":1},"s":[0],"t":217},{"o":{"x":0.167,"y":0},"i":{"x":0.833,"y":1},"s":[0],"t":218},{"o":{"x":0.167,"y":0},"i":{"x":0.833,"y":1},"s":[0],"t":219},{"o":{"x":0.167,"y":0},"i":{"x":0.833,"y":1},"s":[0],"t":220},{"o":{"x":0.167,"y":0},"i":{"x":0.833,"y":1},"s":[0],"t":221},{"o":{"x":0.167,"y":0},"i":{"x":0.833,"y":1},"s":[0],"t":222},{"o":{"x":0.167,"y":0},"i":{"x":0.833,"y":1},"s":[0],"t":223},{"o":{"x":0.167,"y":0},"i":{"x":0.833,"y":1},"s":[0],"t":224},{"o":{"x":0.167,"y":0},"i":{"x":0.833,"y":1},"s":[0],"t":225},{"o":{"x":0.167,"y":0},"i":{"x":0.833,"y":1},"s":[0],"t":226},{"o":{"x":0.167,"y":0},"i":{"x":0.833,"y":1},"s":[0],"t":227},{"o":{"x":0.167,"y":0},"i":{"x":0.833,"y":1},"s":[0],"t":228},{"o":{"x":0.167,"y":0},"i":{"x":0.833,"y":1},"s":[0],"t":229},{"o":{"x":0.167,"y":0},"i":{"x":0.833,"y":1},"s":[0],"t":230},{"o":{"x":0.167,"y":0},"i":{"x":0.833,"y":1},"s":[0],"t":231},{"o":{"x":0.167,"y":0},"i":{"x":0.833,"y":1},"s":[0],"t":232},{"o":{"x":0.167,"y":0},"i":{"x":0.833,"y":1},"s":[0],"t":233},{"o":{"x":0.167,"y":0},"i":{"x":0.833,"y":1},"s":[0],"t":234},{"o":{"x":0.167,"y":0},"i":{"x":0.833,"y":1},"s":[0],"t":235},{"o":{"x":0.167,"y":0},"i":{"x":0.833,"y":1},"s":[0],"t":236},{"o":{"x":0.167,"y":0},"i":{"x":0.833,"y":1},"s":[0],"t":237},{"o":{"x":0.167,"y":0},"i":{"x":0.833,"y":1},"s":[0],"t":238},{"o":{"x":0.167,"y":0},"i":{"x":0.833,"y":1},"s":[0],"t":239},{"o":{"x":0.167,"y":0},"i":{"x":0.833,"y":1},"s":[0],"t":240},{"o":{"x":0.167,"y":0},"i":{"x":0.833,"y":1},"s":[0],"t":241},{"o":{"x":0.167,"y":0},"i":{"x":0.833,"y":1},"s":[0],"t":242},{"o":{"x":0.167,"y":0},"i":{"x":0.833,"y":1},"s":[0],"t":243},{"o":{"x":0.167,"y":0},"i":{"x":0.833,"y":1},"s":[0],"t":244},{"o":{"x":0.167,"y":0},"i":{"x":0.833,"y":1},"s":[0],"t":245},{"o":{"x":0.167,"y":0},"i":{"x":0.833,"y":1},"s":[0],"t":246},{"o":{"x":0.167,"y":0},"i":{"x":0.833,"y":1},"s":[0],"t":247},{"o":{"x":0.167,"y":0},"i":{"x":0.833,"y":1},"s":[0],"t":248},{"s":[0],"t":249}],"ix":10},"sa":{"a":0,"k":0},"o":{"a":0,"k":100,"ix":11}},"ef":[{"ty":0,"mn":"ADBE Slider Control","nm":"Rotation - Overshoot","ix":1,"en":1,"ef":[{"ty":0,"mn":"ADBE Slider Control-0001","nm":"Slider","ix":1,"v":{"a":1,"k":[{"o":{"x":0.167,"y":0},"i":{"x":0.833,"y":1},"s":[20],"t":0},{"o":{"x":0.167,"y":0},"i":{"x":0.833,"y":1},"s":[20],"t":1},{"o":{"x":0.167,"y":0},"i":{"x":0.833,"y":1},"s":[20],"t":2},{"o":{"x":0.167,"y":0},"i":{"x":0.833,"y":1},"s":[20],"t":3},{"o":{"x":0.167,"y":0},"i":{"x":0.833,"y":1},"s":[20],"t":4},{"o":{"x":0.167,"y":0},"i":{"x":0.833,"y":1},"s":[20],"t":5},{"o":{"x":0.167,"y":0},"i":{"x":0.833,"y":1},"s":[20],"t":6},{"o":{"x":0.167,"y":0},"i":{"x":0.833,"y":1},"s":[20],"t":7},{"o":{"x":0.167,"y":0},"i":{"x":0.833,"y":1},"s":[20],"t":8},{"o":{"x":0.167,"y":0},"i":{"x":0.833,"y":1},"s":[20],"t":9},{"o":{"x":0.167,"y":0},"i":{"x":0.833,"y":1},"s":[20],"t":10},{"o":{"x":0.167,"y":0},"i":{"x":0.833,"y":1},"s":[20],"t":11},{"o":{"x":0.167,"y":0},"i":{"x":0.833,"y":1},"s":[20],"t":12},{"o":{"x":0.167,"y":0},"i":{"x":0.833,"y":1},"s":[20],"t":13},{"o":{"x":0.167,"y":0},"i":{"x":0.833,"y":1},"s":[20],"t":14},{"o":{"x":0.167,"y":0},"i":{"x":0.833,"y":1},"s":[20],"t":15},{"o":{"x":0.167,"y":0},"i":{"x":0.833,"y":1},"s":[20],"t":16},{"o":{"x":0.167,"y":0},"i":{"x":0.833,"y":1},"s":[20],"t":17},{"o":{"x":0.167,"y":0},"i":{"x":0.833,"y":1},"s":[20],"t":18},{"o":{"x":0.167,"y":0},"i":{"x":0.833,"y":1},"s":[20],"t":19},{"o":{"x":0.167,"y":0},"i":{"x":0.833,"y":1},"s":[20],"t":20},{"o":{"x":0.167,"y":0},"i":{"x":0.833,"y":1},"s":[20],"t":21},{"o":{"x":0.167,"y":0},"i":{"x":0.833,"y":1},"s":[20],"t":22},{"o":{"x":0.167,"y":0},"i":{"x":0.833,"y":1},"s":[20],"t":23},{"o":{"x":0.167,"y":0},"i":{"x":0.833,"y":1},"s":[20],"t":24},{"o":{"x":0.167,"y":0},"i":{"x":0.833,"y":1},"s":[20],"t":25},{"o":{"x":0.167,"y":0},"i":{"x":0.833,"y":1},"s":[20],"t":26},{"o":{"x":0.167,"y":0},"i":{"x":0.833,"y":1},"s":[20],"t":27},{"o":{"x":0.167,"y":0},"i":{"x":0.833,"y":1},"s":[20],"t":28},{"o":{"x":0.167,"y":0},"i":{"x":0.833,"y":1},"s":[20],"t":29},{"o":{"x":0.167,"y":0},"i":{"x":0.833,"y":1},"s":[20],"t":30},{"o":{"x":0.167,"y":0},"i":{"x":0.833,"y":1},"s":[20],"t":31},{"o":{"x":0.167,"y":0},"i":{"x":0.833,"y":1},"s":[20],"t":32},{"o":{"x":0.167,"y":0},"i":{"x":0.833,"y":1},"s":[20],"t":33},{"o":{"x":0.167,"y":0},"i":{"x":0.833,"y":1},"s":[20],"t":34},{"o":{"x":0.167,"y":0},"i":{"x":0.833,"y":1},"s":[20],"t":35},{"o":{"x":0.167,"y":0},"i":{"x":0.833,"y":1},"s":[20],"t":36},{"o":{"x":0.167,"y":0},"i":{"x":0.833,"y":1},"s":[20],"t":37},{"o":{"x":0.167,"y":0},"i":{"x":0.833,"y":1},"s":[20],"t":38},{"o":{"x":0.167,"y":0},"i":{"x":0.833,"y":1},"s":[20],"t":39},{"o":{"x":0.167,"y":0},"i":{"x":0.833,"y":1},"s":[20],"t":40},{"o":{"x":0.167,"y":0},"i":{"x":0.833,"y":1},"s":[20],"t":41},{"o":{"x":0.167,"y":0},"i":{"x":0.833,"y":1},"s":[20],"t":42},{"o":{"x":0.167,"y":0},"i":{"x":0.833,"y":1},"s":[20],"t":43},{"o":{"x":0.167,"y":0},"i":{"x":0.833,"y":1},"s":[20],"t":44},{"o":{"x":0.167,"y":0},"i":{"x":0.833,"y":1},"s":[20],"t":45},{"o":{"x":0.167,"y":0},"i":{"x":0.833,"y":1},"s":[20],"t":46},{"o":{"x":0.167,"y":0},"i":{"x":0.833,"y":1},"s":[20],"t":47},{"o":{"x":0.167,"y":0},"i":{"x":0.833,"y":1},"s":[20],"t":48},{"o":{"x":0.167,"y":0},"i":{"x":0.833,"y":1},"s":[20],"t":49},{"o":{"x":0.167,"y":0},"i":{"x":0.833,"y":1},"s":[20],"t":50},{"o":{"x":0.167,"y":0},"i":{"x":0.833,"y":1},"s":[20],"t":51},{"o":{"x":0.167,"y":0},"i":{"x":0.833,"y":1},"s":[20],"t":52},{"o":{"x":0.167,"y":0},"i":{"x":0.833,"y":1},"s":[20],"t":53},{"o":{"x":0.167,"y":0},"i":{"x":0.833,"y":1},"s":[20],"t":54},{"o":{"x":0.167,"y":0},"i":{"x":0.833,"y":1},"s":[20],"t":55},{"o":{"x":0.167,"y":0},"i":{"x":0.833,"y":1},"s":[20],"t":56},{"o":{"x":0.167,"y":0},"i":{"x":0.833,"y":1},"s":[20],"t":57},{"o":{"x":0.167,"y":0},"i":{"x":0.833,"y":1},"s":[20],"t":58},{"o":{"x":0.167,"y":0},"i":{"x":0.833,"y":1},"s":[20],"t":59},{"o":{"x":0.167,"y":0},"i":{"x":0.833,"y":1},"s":[20],"t":60},{"o":{"x":0.167,"y":0},"i":{"x":0.833,"y":1},"s":[20],"t":61},{"o":{"x":0.167,"y":0},"i":{"x":0.833,"y":1},"s":[20],"t":62},{"o":{"x":0.167,"y":0},"i":{"x":0.833,"y":1},"s":[20],"t":63},{"o":{"x":0.167,"y":0},"i":{"x":0.833,"y":1},"s":[20],"t":64},{"o":{"x":0.167,"y":0},"i":{"x":0.833,"y":1},"s":[20],"t":65},{"o":{"x":0.167,"y":0},"i":{"x":0.833,"y":1},"s":[20],"t":66},{"o":{"x":0.167,"y":0},"i":{"x":0.833,"y":1},"s":[20],"t":67},{"o":{"x":0.167,"y":0},"i":{"x":0.833,"y":1},"s":[20],"t":68},{"o":{"x":0.167,"y":0},"i":{"x":0.833,"y":1},"s":[20],"t":69},{"o":{"x":0.167,"y":0},"i":{"x":0.833,"y":1},"s":[20],"t":70},{"o":{"x":0.167,"y":0},"i":{"x":0.833,"y":1},"s":[20],"t":71},{"o":{"x":0.167,"y":0},"i":{"x":0.833,"y":1},"s":[20],"t":72},{"o":{"x":0.167,"y":0},"i":{"x":0.833,"y":1},"s":[20],"t":73},{"o":{"x":0.167,"y":0},"i":{"x":0.833,"y":1},"s":[20],"t":74},{"o":{"x":0.167,"y":0},"i":{"x":0.833,"y":1},"s":[20],"t":75},{"o":{"x":0.167,"y":0},"i":{"x":0.833,"y":1},"s":[20],"t":76},{"o":{"x":0.167,"y":0},"i":{"x":0.833,"y":1},"s":[20],"t":77},{"o":{"x":0.167,"y":0},"i":{"x":0.833,"y":1},"s":[20],"t":78},{"o":{"x":0.167,"y":0},"i":{"x":0.833,"y":1},"s":[20],"t":79},{"o":{"x":0.167,"y":0},"i":{"x":0.833,"y":1},"s":[20],"t":80},{"o":{"x":0.167,"y":0},"i":{"x":0.833,"y":1},"s":[20],"t":81},{"o":{"x":0.167,"y":0},"i":{"x":0.833,"y":1},"s":[20],"t":82},{"o":{"x":0.167,"y":0},"i":{"x":0.833,"y":1},"s":[20],"t":83},{"o":{"x":0.167,"y":0},"i":{"x":0.833,"y":1},"s":[20],"t":84},{"o":{"x":0.167,"y":0},"i":{"x":0.833,"y":1},"s":[20],"t":85},{"o":{"x":0.167,"y":0},"i":{"x":0.833,"y":1},"s":[20],"t":86},{"o":{"x":0.167,"y":0},"i":{"x":0.833,"y":1},"s":[20],"t":87},{"o":{"x":0.167,"y":0},"i":{"x":0.833,"y":1},"s":[20],"t":88},{"o":{"x":0.167,"y":0},"i":{"x":0.833,"y":1},"s":[20],"t":89},{"o":{"x":0.167,"y":0},"i":{"x":0.833,"y":1},"s":[20],"t":90},{"o":{"x":0.167,"y":0},"i":{"x":0.833,"y":1},"s":[20],"t":91},{"o":{"x":0.167,"y":0},"i":{"x":0.833,"y":1},"s":[20],"t":92},{"o":{"x":0.167,"y":0},"i":{"x":0.833,"y":1},"s":[20],"t":93},{"o":{"x":0.167,"y":0},"i":{"x":0.833,"y":1},"s":[20],"t":94},{"o":{"x":0.167,"y":0},"i":{"x":0.833,"y":1},"s":[20],"t":95},{"o":{"x":0.167,"y":0},"i":{"x":0.833,"y":1},"s":[20],"t":96},{"o":{"x":0.167,"y":0},"i":{"x":0.833,"y":1},"s":[20],"t":97},{"o":{"x":0.167,"y":0},"i":{"x":0.833,"y":1},"s":[20],"t":98},{"o":{"x":0.167,"y":0},"i":{"x":0.833,"y":1},"s":[20],"t":99},{"o":{"x":0.167,"y":0},"i":{"x":0.833,"y":1},"s":[20],"t":100},{"o":{"x":0.167,"y":0},"i":{"x":0.833,"y":1},"s":[20],"t":101},{"o":{"x":0.167,"y":0},"i":{"x":0.833,"y":1},"s":[20],"t":102},{"o":{"x":0.167,"y":0},"i":{"x":0.833,"y":1},"s":[20],"t":103},{"o":{"x":0.167,"y":0},"i":{"x":0.833,"y":1},"s":[20],"t":104},{"o":{"x":0.167,"y":0},"i":{"x":0.833,"y":1},"s":[20],"t":105},{"o":{"x":0.167,"y":0},"i":{"x":0.833,"y":1},"s":[20],"t":106},{"o":{"x":0.167,"y":0},"i":{"x":0.833,"y":1},"s":[20],"t":107},{"o":{"x":0.167,"y":0},"i":{"x":0.833,"y":1},"s":[20],"t":108},{"o":{"x":0.167,"y":0},"i":{"x":0.833,"y":1},"s":[20],"t":109},{"o":{"x":0.167,"y":0},"i":{"x":0.833,"y":1},"s":[20],"t":110},{"o":{"x":0.167,"y":0},"i":{"x":0.833,"y":1},"s":[20],"t":111},{"o":{"x":0.167,"y":0},"i":{"x":0.833,"y":1},"s":[20],"t":112},{"o":{"x":0.167,"y":0},"i":{"x":0.833,"y":1},"s":[20],"t":113},{"o":{"x":0.167,"y":0},"i":{"x":0.833,"y":1},"s":[20],"t":114},{"o":{"x":0.167,"y":0},"i":{"x":0.833,"y":1},"s":[20],"t":115},{"o":{"x":0.167,"y":0},"i":{"x":0.833,"y":1},"s":[20],"t":116},{"o":{"x":0.167,"y":0},"i":{"x":0.833,"y":1},"s":[20],"t":117},{"o":{"x":0.167,"y":0},"i":{"x":0.833,"y":1},"s":[20],"t":118},{"o":{"x":0.167,"y":0},"i":{"x":0.833,"y":1},"s":[20],"t":119},{"o":{"x":0.167,"y":0},"i":{"x":0.833,"y":1},"s":[20],"t":120},{"o":{"x":0.167,"y":0},"i":{"x":0.833,"y":1},"s":[20],"t":121},{"o":{"x":0.167,"y":0},"i":{"x":0.833,"y":1},"s":[20],"t":122},{"o":{"x":0.167,"y":0},"i":{"x":0.833,"y":1},"s":[20],"t":123},{"o":{"x":0.167,"y":0},"i":{"x":0.833,"y":1},"s":[20],"t":124},{"o":{"x":0.167,"y":0},"i":{"x":0.833,"y":1},"s":[20],"t":125},{"o":{"x":0.167,"y":0},"i":{"x":0.833,"y":1},"s":[20],"t":126},{"o":{"x":0.167,"y":0},"i":{"x":0.833,"y":1},"s":[20],"t":127},{"o":{"x":0.167,"y":0},"i":{"x":0.833,"y":1},"s":[20],"t":128},{"o":{"x":0.167,"y":0},"i":{"x":0.833,"y":1},"s":[20],"t":129},{"o":{"x":0.167,"y":0},"i":{"x":0.833,"y":1},"s":[20],"t":130},{"o":{"x":0.167,"y":0},"i":{"x":0.833,"y":1},"s":[20],"t":131},{"o":{"x":0.167,"y":0},"i":{"x":0.833,"y":1},"s":[20],"t":132},{"o":{"x":0.167,"y":0},"i":{"x":0.833,"y":1},"s":[20],"t":133},{"o":{"x":0.167,"y":0},"i":{"x":0.833,"y":1},"s":[20],"t":134},{"o":{"x":0.167,"y":0},"i":{"x":0.833,"y":1},"s":[20],"t":135},{"o":{"x":0.167,"y":0},"i":{"x":0.833,"y":1},"s":[20],"t":136},{"o":{"x":0.167,"y":0},"i":{"x":0.833,"y":1},"s":[20],"t":137},{"o":{"x":0.167,"y":0},"i":{"x":0.833,"y":1},"s":[20],"t":138},{"o":{"x":0.167,"y":0},"i":{"x":0.833,"y":1},"s":[20],"t":139},{"o":{"x":0.167,"y":0},"i":{"x":0.833,"y":1},"s":[20],"t":140},{"o":{"x":0.167,"y":0},"i":{"x":0.833,"y":1},"s":[20],"t":141},{"o":{"x":0.167,"y":0},"i":{"x":0.833,"y":1},"s":[20],"t":142},{"o":{"x":0.167,"y":0},"i":{"x":0.833,"y":1},"s":[20],"t":143},{"o":{"x":0.167,"y":0},"i":{"x":0.833,"y":1},"s":[20],"t":144},{"o":{"x":0.167,"y":0},"i":{"x":0.833,"y":1},"s":[20],"t":145},{"o":{"x":0.167,"y":0},"i":{"x":0.833,"y":1},"s":[20],"t":146},{"o":{"x":0.167,"y":0},"i":{"x":0.833,"y":1},"s":[20],"t":147},{"o":{"x":0.167,"y":0},"i":{"x":0.833,"y":1},"s":[20],"t":148},{"o":{"x":0.167,"y":0},"i":{"x":0.833,"y":1},"s":[20],"t":149},{"o":{"x":0.167,"y":0},"i":{"x":0.833,"y":1},"s":[20],"t":150},{"o":{"x":0.167,"y":0},"i":{"x":0.833,"y":1},"s":[20],"t":151},{"o":{"x":0.167,"y":0},"i":{"x":0.833,"y":1},"s":[20],"t":152},{"o":{"x":0.167,"y":0},"i":{"x":0.833,"y":1},"s":[20],"t":153},{"o":{"x":0.167,"y":0},"i":{"x":0.833,"y":1},"s":[20],"t":154},{"o":{"x":0.167,"y":0},"i":{"x":0.833,"y":1},"s":[20],"t":155},{"o":{"x":0.167,"y":0},"i":{"x":0.833,"y":1},"s":[20],"t":156},{"o":{"x":0.167,"y":0},"i":{"x":0.833,"y":1},"s":[20],"t":157},{"o":{"x":0.167,"y":0},"i":{"x":0.833,"y":1},"s":[20],"t":158},{"o":{"x":0.167,"y":0},"i":{"x":0.833,"y":1},"s":[20],"t":159},{"o":{"x":0.167,"y":0},"i":{"x":0.833,"y":1},"s":[20],"t":160},{"o":{"x":0.167,"y":0},"i":{"x":0.833,"y":1},"s":[20],"t":161},{"o":{"x":0.167,"y":0},"i":{"x":0.833,"y":1},"s":[20],"t":162},{"o":{"x":0.167,"y":0},"i":{"x":0.833,"y":1},"s":[20],"t":163},{"o":{"x":0.167,"y":0},"i":{"x":0.833,"y":1},"s":[20],"t":164},{"o":{"x":0.167,"y":0},"i":{"x":0.833,"y":1},"s":[20],"t":165},{"o":{"x":0.167,"y":0},"i":{"x":0.833,"y":1},"s":[20],"t":166},{"o":{"x":0.167,"y":0},"i":{"x":0.833,"y":1},"s":[20],"t":167},{"o":{"x":0.167,"y":0},"i":{"x":0.833,"y":1},"s":[20],"t":168},{"o":{"x":0.167,"y":0},"i":{"x":0.833,"y":1},"s":[20],"t":169},{"o":{"x":0.167,"y":0},"i":{"x":0.833,"y":1},"s":[20],"t":170},{"o":{"x":0.167,"y":0},"i":{"x":0.833,"y":1},"s":[20],"t":171},{"o":{"x":0.167,"y":0},"i":{"x":0.833,"y":1},"s":[20],"t":172},{"o":{"x":0.167,"y":0},"i":{"x":0.833,"y":1},"s":[20],"t":173},{"o":{"x":0.167,"y":0},"i":{"x":0.833,"y":1},"s":[20],"t":174},{"o":{"x":0.167,"y":0},"i":{"x":0.833,"y":1},"s":[20],"t":175},{"o":{"x":0.167,"y":0},"i":{"x":0.833,"y":1},"s":[20],"t":176},{"o":{"x":0.167,"y":0},"i":{"x":0.833,"y":1},"s":[20],"t":177},{"o":{"x":0.167,"y":0},"i":{"x":0.833,"y":1},"s":[20],"t":178},{"o":{"x":0.167,"y":0},"i":{"x":0.833,"y":1},"s":[20],"t":179},{"o":{"x":0.167,"y":0},"i":{"x":0.833,"y":1},"s":[20],"t":180},{"o":{"x":0.167,"y":0},"i":{"x":0.833,"y":1},"s":[20],"t":181},{"o":{"x":0.167,"y":0},"i":{"x":0.833,"y":1},"s":[20],"t":182},{"o":{"x":0.167,"y":0},"i":{"x":0.833,"y":1},"s":[20],"t":183},{"o":{"x":0.167,"y":0},"i":{"x":0.833,"y":1},"s":[20],"t":184},{"o":{"x":0.167,"y":0},"i":{"x":0.833,"y":1},"s":[20],"t":185},{"o":{"x":0.167,"y":0},"i":{"x":0.833,"y":1},"s":[20],"t":186},{"o":{"x":0.167,"y":0},"i":{"x":0.833,"y":1},"s":[20],"t":187},{"o":{"x":0.167,"y":0},"i":{"x":0.833,"y":1},"s":[20],"t":188},{"o":{"x":0.167,"y":0},"i":{"x":0.833,"y":1},"s":[20],"t":189},{"o":{"x":0.167,"y":0},"i":{"x":0.833,"y":1},"s":[20],"t":190},{"o":{"x":0.167,"y":0},"i":{"x":0.833,"y":1},"s":[20],"t":191},{"o":{"x":0.167,"y":0},"i":{"x":0.833,"y":1},"s":[20],"t":192},{"o":{"x":0.167,"y":0},"i":{"x":0.833,"y":1},"s":[20],"t":193},{"o":{"x":0.167,"y":0},"i":{"x":0.833,"y":1},"s":[20],"t":194},{"o":{"x":0.167,"y":0},"i":{"x":0.833,"y":1},"s":[20],"t":195},{"o":{"x":0.167,"y":0},"i":{"x":0.833,"y":1},"s":[20],"t":196},{"o":{"x":0.167,"y":0},"i":{"x":0.833,"y":1},"s":[20],"t":197},{"o":{"x":0.167,"y":0},"i":{"x":0.833,"y":1},"s":[20],"t":198},{"o":{"x":0.167,"y":0},"i":{"x":0.833,"y":1},"s":[20],"t":199},{"o":{"x":0.167,"y":0},"i":{"x":0.833,"y":1},"s":[20],"t":200},{"o":{"x":0.167,"y":0},"i":{"x":0.833,"y":1},"s":[20],"t":201},{"o":{"x":0.167,"y":0},"i":{"x":0.833,"y":1},"s":[20],"t":202},{"o":{"x":0.167,"y":0},"i":{"x":0.833,"y":1},"s":[20],"t":203},{"o":{"x":0.167,"y":0},"i":{"x":0.833,"y":1},"s":[20],"t":204},{"o":{"x":0.167,"y":0},"i":{"x":0.833,"y":1},"s":[20],"t":205},{"o":{"x":0.167,"y":0},"i":{"x":0.833,"y":1},"s":[20],"t":206},{"o":{"x":0.167,"y":0},"i":{"x":0.833,"y":1},"s":[20],"t":207},{"o":{"x":0.167,"y":0},"i":{"x":0.833,"y":1},"s":[20],"t":208},{"o":{"x":0.167,"y":0},"i":{"x":0.833,"y":1},"s":[20],"t":209},{"o":{"x":0.167,"y":0},"i":{"x":0.833,"y":1},"s":[20],"t":210},{"o":{"x":0.167,"y":0},"i":{"x":0.833,"y":1},"s":[20],"t":211},{"o":{"x":0.167,"y":0},"i":{"x":0.833,"y":1},"s":[20],"t":212},{"o":{"x":0.167,"y":0},"i":{"x":0.833,"y":1},"s":[20],"t":213},{"o":{"x":0.167,"y":0},"i":{"x":0.833,"y":1},"s":[20],"t":214},{"o":{"x":0.167,"y":0},"i":{"x":0.833,"y":1},"s":[20],"t":215},{"o":{"x":0.167,"y":0},"i":{"x":0.833,"y":1},"s":[20],"t":216},{"o":{"x":0.167,"y":0},"i":{"x":0.833,"y":1},"s":[20],"t":217},{"o":{"x":0.167,"y":0},"i":{"x":0.833,"y":1},"s":[20],"t":218},{"o":{"x":0.167,"y":0},"i":{"x":0.833,"y":1},"s":[20],"t":219},{"o":{"x":0.167,"y":0},"i":{"x":0.833,"y":1},"s":[20],"t":220},{"o":{"x":0.167,"y":0},"i":{"x":0.833,"y":1},"s":[20],"t":221},{"o":{"x":0.167,"y":0},"i":{"x":0.833,"y":1},"s":[20],"t":222},{"o":{"x":0.167,"y":0},"i":{"x":0.833,"y":1},"s":[20],"t":223},{"o":{"x":0.167,"y":0},"i":{"x":0.833,"y":1},"s":[20],"t":224},{"o":{"x":0.167,"y":0},"i":{"x":0.833,"y":1},"s":[20],"t":225},{"o":{"x":0.167,"y":0},"i":{"x":0.833,"y":1},"s":[20],"t":226},{"o":{"x":0.167,"y":0},"i":{"x":0.833,"y":1},"s":[20],"t":227},{"o":{"x":0.167,"y":0},"i":{"x":0.833,"y":1},"s":[20],"t":228},{"o":{"x":0.167,"y":0},"i":{"x":0.833,"y":1},"s":[20],"t":229},{"o":{"x":0.167,"y":0},"i":{"x":0.833,"y":1},"s":[20],"t":230},{"o":{"x":0.167,"y":0},"i":{"x":0.833,"y":1},"s":[20],"t":231},{"o":{"x":0.167,"y":0},"i":{"x":0.833,"y":1},"s":[20],"t":232},{"o":{"x":0.167,"y":0},"i":{"x":0.833,"y":1},"s":[20],"t":233},{"o":{"x":0.167,"y":0},"i":{"x":0.833,"y":1},"s":[20],"t":234},{"o":{"x":0.167,"y":0},"i":{"x":0.833,"y":1},"s":[20],"t":235},{"o":{"x":0.167,"y":0},"i":{"x":0.833,"y":1},"s":[20],"t":236},{"o":{"x":0.167,"y":0},"i":{"x":0.833,"y":1},"s":[20],"t":237},{"o":{"x":0.167,"y":0},"i":{"x":0.833,"y":1},"s":[20],"t":238},{"o":{"x":0.167,"y":0},"i":{"x":0.833,"y":1},"s":[20],"t":239},{"o":{"x":0.167,"y":0},"i":{"x":0.833,"y":1},"s":[20],"t":240},{"o":{"x":0.167,"y":0},"i":{"x":0.833,"y":1},"s":[20],"t":241},{"o":{"x":0.167,"y":0},"i":{"x":0.833,"y":1},"s":[20],"t":242},{"o":{"x":0.167,"y":0},"i":{"x":0.833,"y":1},"s":[20],"t":243},{"o":{"x":0.167,"y":0},"i":{"x":0.833,"y":1},"s":[20],"t":244},{"o":{"x":0.167,"y":0},"i":{"x":0.833,"y":1},"s":[20],"t":245},{"o":{"x":0.167,"y":0},"i":{"x":0.833,"y":1},"s":[20],"t":246},{"o":{"x":0.167,"y":0},"i":{"x":0.833,"y":1},"s":[20],"t":247},{"o":{"x":0.167,"y":0},"i":{"x":0.833,"y":1},"s":[20],"t":248},{"s":[20],"t":249}],"ix":1}}]},{"ty":0,"mn":"ADBE Slider Control","nm":"Rotation - Bounce","ix":2,"en":1,"ef":[{"ty":0,"mn":"ADBE Slider Control-0001","nm":"Slider","ix":1,"v":{"a":1,"k":[{"o":{"x":0.167,"y":0},"i":{"x":0.833,"y":1},"s":[40],"t":0},{"o":{"x":0.167,"y":0},"i":{"x":0.833,"y":1},"s":[40],"t":1},{"o":{"x":0.167,"y":0},"i":{"x":0.833,"y":1},"s":[40],"t":2},{"o":{"x":0.167,"y":0},"i":{"x":0.833,"y":1},"s":[40],"t":3},{"o":{"x":0.167,"y":0},"i":{"x":0.833,"y":1},"s":[40],"t":4},{"o":{"x":0.167,"y":0},"i":{"x":0.833,"y":1},"s":[40],"t":5},{"o":{"x":0.167,"y":0},"i":{"x":0.833,"y":1},"s":[40],"t":6},{"o":{"x":0.167,"y":0},"i":{"x":0.833,"y":1},"s":[40],"t":7},{"o":{"x":0.167,"y":0},"i":{"x":0.833,"y":1},"s":[40],"t":8},{"o":{"x":0.167,"y":0},"i":{"x":0.833,"y":1},"s":[40],"t":9},{"o":{"x":0.167,"y":0},"i":{"x":0.833,"y":1},"s":[40],"t":10},{"o":{"x":0.167,"y":0},"i":{"x":0.833,"y":1},"s":[40],"t":11},{"o":{"x":0.167,"y":0},"i":{"x":0.833,"y":1},"s":[40],"t":12},{"o":{"x":0.167,"y":0},"i":{"x":0.833,"y":1},"s":[40],"t":13},{"o":{"x":0.167,"y":0},"i":{"x":0.833,"y":1},"s":[40],"t":14},{"o":{"x":0.167,"y":0},"i":{"x":0.833,"y":1},"s":[40],"t":15},{"o":{"x":0.167,"y":0},"i":{"x":0.833,"y":1},"s":[40],"t":16},{"o":{"x":0.167,"y":0},"i":{"x":0.833,"y":1},"s":[40],"t":17},{"o":{"x":0.167,"y":0},"i":{"x":0.833,"y":1},"s":[40],"t":18},{"o":{"x":0.167,"y":0},"i":{"x":0.833,"y":1},"s":[40],"t":19},{"o":{"x":0.167,"y":0},"i":{"x":0.833,"y":1},"s":[40],"t":20},{"o":{"x":0.167,"y":0},"i":{"x":0.833,"y":1},"s":[40],"t":21},{"o":{"x":0.167,"y":0},"i":{"x":0.833,"y":1},"s":[40],"t":22},{"o":{"x":0.167,"y":0},"i":{"x":0.833,"y":1},"s":[40],"t":23},{"o":{"x":0.167,"y":0},"i":{"x":0.833,"y":1},"s":[40],"t":24},{"o":{"x":0.167,"y":0},"i":{"x":0.833,"y":1},"s":[40],"t":25},{"o":{"x":0.167,"y":0},"i":{"x":0.833,"y":1},"s":[40],"t":26},{"o":{"x":0.167,"y":0},"i":{"x":0.833,"y":1},"s":[40],"t":27},{"o":{"x":0.167,"y":0},"i":{"x":0.833,"y":1},"s":[40],"t":28},{"o":{"x":0.167,"y":0},"i":{"x":0.833,"y":1},"s":[40],"t":29},{"o":{"x":0.167,"y":0},"i":{"x":0.833,"y":1},"s":[40],"t":30},{"o":{"x":0.167,"y":0},"i":{"x":0.833,"y":1},"s":[40],"t":31},{"o":{"x":0.167,"y":0},"i":{"x":0.833,"y":1},"s":[40],"t":32},{"o":{"x":0.167,"y":0},"i":{"x":0.833,"y":1},"s":[40],"t":33},{"o":{"x":0.167,"y":0},"i":{"x":0.833,"y":1},"s":[40],"t":34},{"o":{"x":0.167,"y":0},"i":{"x":0.833,"y":1},"s":[40],"t":35},{"o":{"x":0.167,"y":0},"i":{"x":0.833,"y":1},"s":[40],"t":36},{"o":{"x":0.167,"y":0},"i":{"x":0.833,"y":1},"s":[40],"t":37},{"o":{"x":0.167,"y":0},"i":{"x":0.833,"y":1},"s":[40],"t":38},{"o":{"x":0.167,"y":0},"i":{"x":0.833,"y":1},"s":[40],"t":39},{"o":{"x":0.167,"y":0},"i":{"x":0.833,"y":1},"s":[40],"t":40},{"o":{"x":0.167,"y":0},"i":{"x":0.833,"y":1},"s":[40],"t":41},{"o":{"x":0.167,"y":0},"i":{"x":0.833,"y":1},"s":[40],"t":42},{"o":{"x":0.167,"y":0},"i":{"x":0.833,"y":1},"s":[40],"t":43},{"o":{"x":0.167,"y":0},"i":{"x":0.833,"y":1},"s":[40],"t":44},{"o":{"x":0.167,"y":0},"i":{"x":0.833,"y":1},"s":[40],"t":45},{"o":{"x":0.167,"y":0},"i":{"x":0.833,"y":1},"s":[40],"t":46},{"o":{"x":0.167,"y":0},"i":{"x":0.833,"y":1},"s":[40],"t":47},{"o":{"x":0.167,"y":0},"i":{"x":0.833,"y":1},"s":[40],"t":48},{"o":{"x":0.167,"y":0},"i":{"x":0.833,"y":1},"s":[40],"t":49},{"o":{"x":0.167,"y":0},"i":{"x":0.833,"y":1},"s":[40],"t":50},{"o":{"x":0.167,"y":0},"i":{"x":0.833,"y":1},"s":[40],"t":51},{"o":{"x":0.167,"y":0},"i":{"x":0.833,"y":1},"s":[40],"t":52},{"o":{"x":0.167,"y":0},"i":{"x":0.833,"y":1},"s":[40],"t":53},{"o":{"x":0.167,"y":0},"i":{"x":0.833,"y":1},"s":[40],"t":54},{"o":{"x":0.167,"y":0},"i":{"x":0.833,"y":1},"s":[40],"t":55},{"o":{"x":0.167,"y":0},"i":{"x":0.833,"y":1},"s":[40],"t":56},{"o":{"x":0.167,"y":0},"i":{"x":0.833,"y":1},"s":[40],"t":57},{"o":{"x":0.167,"y":0},"i":{"x":0.833,"y":1},"s":[40],"t":58},{"o":{"x":0.167,"y":0},"i":{"x":0.833,"y":1},"s":[40],"t":59},{"o":{"x":0.167,"y":0},"i":{"x":0.833,"y":1},"s":[40],"t":60},{"o":{"x":0.167,"y":0},"i":{"x":0.833,"y":1},"s":[40],"t":61},{"o":{"x":0.167,"y":0},"i":{"x":0.833,"y":1},"s":[40],"t":62},{"o":{"x":0.167,"y":0},"i":{"x":0.833,"y":1},"s":[40],"t":63},{"o":{"x":0.167,"y":0},"i":{"x":0.833,"y":1},"s":[40],"t":64},{"o":{"x":0.167,"y":0},"i":{"x":0.833,"y":1},"s":[40],"t":65},{"o":{"x":0.167,"y":0},"i":{"x":0.833,"y":1},"s":[40],"t":66},{"o":{"x":0.167,"y":0},"i":{"x":0.833,"y":1},"s":[40],"t":67},{"o":{"x":0.167,"y":0},"i":{"x":0.833,"y":1},"s":[40],"t":68},{"o":{"x":0.167,"y":0},"i":{"x":0.833,"y":1},"s":[40],"t":69},{"o":{"x":0.167,"y":0},"i":{"x":0.833,"y":1},"s":[40],"t":70},{"o":{"x":0.167,"y":0},"i":{"x":0.833,"y":1},"s":[40],"t":71},{"o":{"x":0.167,"y":0},"i":{"x":0.833,"y":1},"s":[40],"t":72},{"o":{"x":0.167,"y":0},"i":{"x":0.833,"y":1},"s":[40],"t":73},{"o":{"x":0.167,"y":0},"i":{"x":0.833,"y":1},"s":[40],"t":74},{"o":{"x":0.167,"y":0},"i":{"x":0.833,"y":1},"s":[40],"t":75},{"o":{"x":0.167,"y":0},"i":{"x":0.833,"y":1},"s":[40],"t":76},{"o":{"x":0.167,"y":0},"i":{"x":0.833,"y":1},"s":[40],"t":77},{"o":{"x":0.167,"y":0},"i":{"x":0.833,"y":1},"s":[40],"t":78},{"o":{"x":0.167,"y":0},"i":{"x":0.833,"y":1},"s":[40],"t":79},{"o":{"x":0.167,"y":0},"i":{"x":0.833,"y":1},"s":[40],"t":80},{"o":{"x":0.167,"y":0},"i":{"x":0.833,"y":1},"s":[40],"t":81},{"o":{"x":0.167,"y":0},"i":{"x":0.833,"y":1},"s":[40],"t":82},{"o":{"x":0.167,"y":0},"i":{"x":0.833,"y":1},"s":[40],"t":83},{"o":{"x":0.167,"y":0},"i":{"x":0.833,"y":1},"s":[40],"t":84},{"o":{"x":0.167,"y":0},"i":{"x":0.833,"y":1},"s":[40],"t":85},{"o":{"x":0.167,"y":0},"i":{"x":0.833,"y":1},"s":[40],"t":86},{"o":{"x":0.167,"y":0},"i":{"x":0.833,"y":1},"s":[40],"t":87},{"o":{"x":0.167,"y":0},"i":{"x":0.833,"y":1},"s":[40],"t":88},{"o":{"x":0.167,"y":0},"i":{"x":0.833,"y":1},"s":[40],"t":89},{"o":{"x":0.167,"y":0},"i":{"x":0.833,"y":1},"s":[40],"t":90},{"o":{"x":0.167,"y":0},"i":{"x":0.833,"y":1},"s":[40],"t":91},{"o":{"x":0.167,"y":0},"i":{"x":0.833,"y":1},"s":[40],"t":92},{"o":{"x":0.167,"y":0},"i":{"x":0.833,"y":1},"s":[40],"t":93},{"o":{"x":0.167,"y":0},"i":{"x":0.833,"y":1},"s":[40],"t":94},{"o":{"x":0.167,"y":0},"i":{"x":0.833,"y":1},"s":[40],"t":95},{"o":{"x":0.167,"y":0},"i":{"x":0.833,"y":1},"s":[40],"t":96},{"o":{"x":0.167,"y":0},"i":{"x":0.833,"y":1},"s":[40],"t":97},{"o":{"x":0.167,"y":0},"i":{"x":0.833,"y":1},"s":[40],"t":98},{"o":{"x":0.167,"y":0},"i":{"x":0.833,"y":1},"s":[40],"t":99},{"o":{"x":0.167,"y":0},"i":{"x":0.833,"y":1},"s":[40],"t":100},{"o":{"x":0.167,"y":0},"i":{"x":0.833,"y":1},"s":[40],"t":101},{"o":{"x":0.167,"y":0},"i":{"x":0.833,"y":1},"s":[40],"t":102},{"o":{"x":0.167,"y":0},"i":{"x":0.833,"y":1},"s":[40],"t":103},{"o":{"x":0.167,"y":0},"i":{"x":0.833,"y":1},"s":[40],"t":104},{"o":{"x":0.167,"y":0},"i":{"x":0.833,"y":1},"s":[40],"t":105},{"o":{"x":0.167,"y":0},"i":{"x":0.833,"y":1},"s":[40],"t":106},{"o":{"x":0.167,"y":0},"i":{"x":0.833,"y":1},"s":[40],"t":107},{"o":{"x":0.167,"y":0},"i":{"x":0.833,"y":1},"s":[40],"t":108},{"o":{"x":0.167,"y":0},"i":{"x":0.833,"y":1},"s":[40],"t":109},{"o":{"x":0.167,"y":0},"i":{"x":0.833,"y":1},"s":[40],"t":110},{"o":{"x":0.167,"y":0},"i":{"x":0.833,"y":1},"s":[40],"t":111},{"o":{"x":0.167,"y":0},"i":{"x":0.833,"y":1},"s":[40],"t":112},{"o":{"x":0.167,"y":0},"i":{"x":0.833,"y":1},"s":[40],"t":113},{"o":{"x":0.167,"y":0},"i":{"x":0.833,"y":1},"s":[40],"t":114},{"o":{"x":0.167,"y":0},"i":{"x":0.833,"y":1},"s":[40],"t":115},{"o":{"x":0.167,"y":0},"i":{"x":0.833,"y":1},"s":[40],"t":116},{"o":{"x":0.167,"y":0},"i":{"x":0.833,"y":1},"s":[40],"t":117},{"o":{"x":0.167,"y":0},"i":{"x":0.833,"y":1},"s":[40],"t":118},{"o":{"x":0.167,"y":0},"i":{"x":0.833,"y":1},"s":[40],"t":119},{"o":{"x":0.167,"y":0},"i":{"x":0.833,"y":1},"s":[40],"t":120},{"o":{"x":0.167,"y":0},"i":{"x":0.833,"y":1},"s":[40],"t":121},{"o":{"x":0.167,"y":0},"i":{"x":0.833,"y":1},"s":[40],"t":122},{"o":{"x":0.167,"y":0},"i":{"x":0.833,"y":1},"s":[40],"t":123},{"o":{"x":0.167,"y":0},"i":{"x":0.833,"y":1},"s":[40],"t":124},{"o":{"x":0.167,"y":0},"i":{"x":0.833,"y":1},"s":[40],"t":125},{"o":{"x":0.167,"y":0},"i":{"x":0.833,"y":1},"s":[40],"t":126},{"o":{"x":0.167,"y":0},"i":{"x":0.833,"y":1},"s":[40],"t":127},{"o":{"x":0.167,"y":0},"i":{"x":0.833,"y":1},"s":[40],"t":128},{"o":{"x":0.167,"y":0},"i":{"x":0.833,"y":1},"s":[40],"t":129},{"o":{"x":0.167,"y":0},"i":{"x":0.833,"y":1},"s":[40],"t":130},{"o":{"x":0.167,"y":0},"i":{"x":0.833,"y":1},"s":[40],"t":131},{"o":{"x":0.167,"y":0},"i":{"x":0.833,"y":1},"s":[40],"t":132},{"o":{"x":0.167,"y":0},"i":{"x":0.833,"y":1},"s":[40],"t":133},{"o":{"x":0.167,"y":0},"i":{"x":0.833,"y":1},"s":[40],"t":134},{"o":{"x":0.167,"y":0},"i":{"x":0.833,"y":1},"s":[40],"t":135},{"o":{"x":0.167,"y":0},"i":{"x":0.833,"y":1},"s":[40],"t":136},{"o":{"x":0.167,"y":0},"i":{"x":0.833,"y":1},"s":[40],"t":137},{"o":{"x":0.167,"y":0},"i":{"x":0.833,"y":1},"s":[40],"t":138},{"o":{"x":0.167,"y":0},"i":{"x":0.833,"y":1},"s":[40],"t":139},{"o":{"x":0.167,"y":0},"i":{"x":0.833,"y":1},"s":[40],"t":140},{"o":{"x":0.167,"y":0},"i":{"x":0.833,"y":1},"s":[40],"t":141},{"o":{"x":0.167,"y":0},"i":{"x":0.833,"y":1},"s":[40],"t":142},{"o":{"x":0.167,"y":0},"i":{"x":0.833,"y":1},"s":[40],"t":143},{"o":{"x":0.167,"y":0},"i":{"x":0.833,"y":1},"s":[40],"t":144},{"o":{"x":0.167,"y":0},"i":{"x":0.833,"y":1},"s":[40],"t":145},{"o":{"x":0.167,"y":0},"i":{"x":0.833,"y":1},"s":[40],"t":146},{"o":{"x":0.167,"y":0},"i":{"x":0.833,"y":1},"s":[40],"t":147},{"o":{"x":0.167,"y":0},"i":{"x":0.833,"y":1},"s":[40],"t":148},{"o":{"x":0.167,"y":0},"i":{"x":0.833,"y":1},"s":[40],"t":149},{"o":{"x":0.167,"y":0},"i":{"x":0.833,"y":1},"s":[40],"t":150},{"o":{"x":0.167,"y":0},"i":{"x":0.833,"y":1},"s":[40],"t":151},{"o":{"x":0.167,"y":0},"i":{"x":0.833,"y":1},"s":[40],"t":152},{"o":{"x":0.167,"y":0},"i":{"x":0.833,"y":1},"s":[40],"t":153},{"o":{"x":0.167,"y":0},"i":{"x":0.833,"y":1},"s":[40],"t":154},{"o":{"x":0.167,"y":0},"i":{"x":0.833,"y":1},"s":[40],"t":155},{"o":{"x":0.167,"y":0},"i":{"x":0.833,"y":1},"s":[40],"t":156},{"o":{"x":0.167,"y":0},"i":{"x":0.833,"y":1},"s":[40],"t":157},{"o":{"x":0.167,"y":0},"i":{"x":0.833,"y":1},"s":[40],"t":158},{"o":{"x":0.167,"y":0},"i":{"x":0.833,"y":1},"s":[40],"t":159},{"o":{"x":0.167,"y":0},"i":{"x":0.833,"y":1},"s":[40],"t":160},{"o":{"x":0.167,"y":0},"i":{"x":0.833,"y":1},"s":[40],"t":161},{"o":{"x":0.167,"y":0},"i":{"x":0.833,"y":1},"s":[40],"t":162},{"o":{"x":0.167,"y":0},"i":{"x":0.833,"y":1},"s":[40],"t":163},{"o":{"x":0.167,"y":0},"i":{"x":0.833,"y":1},"s":[40],"t":164},{"o":{"x":0.167,"y":0},"i":{"x":0.833,"y":1},"s":[40],"t":165},{"o":{"x":0.167,"y":0},"i":{"x":0.833,"y":1},"s":[40],"t":166},{"o":{"x":0.167,"y":0},"i":{"x":0.833,"y":1},"s":[40],"t":167},{"o":{"x":0.167,"y":0},"i":{"x":0.833,"y":1},"s":[40],"t":168},{"o":{"x":0.167,"y":0},"i":{"x":0.833,"y":1},"s":[40],"t":169},{"o":{"x":0.167,"y":0},"i":{"x":0.833,"y":1},"s":[40],"t":170},{"o":{"x":0.167,"y":0},"i":{"x":0.833,"y":1},"s":[40],"t":171},{"o":{"x":0.167,"y":0},"i":{"x":0.833,"y":1},"s":[40],"t":172},{"o":{"x":0.167,"y":0},"i":{"x":0.833,"y":1},"s":[40],"t":173},{"o":{"x":0.167,"y":0},"i":{"x":0.833,"y":1},"s":[40],"t":174},{"o":{"x":0.167,"y":0},"i":{"x":0.833,"y":1},"s":[40],"t":175},{"o":{"x":0.167,"y":0},"i":{"x":0.833,"y":1},"s":[40],"t":176},{"o":{"x":0.167,"y":0},"i":{"x":0.833,"y":1},"s":[40],"t":177},{"o":{"x":0.167,"y":0},"i":{"x":0.833,"y":1},"s":[40],"t":178},{"o":{"x":0.167,"y":0},"i":{"x":0.833,"y":1},"s":[40],"t":179},{"o":{"x":0.167,"y":0},"i":{"x":0.833,"y":1},"s":[40],"t":180},{"o":{"x":0.167,"y":0},"i":{"x":0.833,"y":1},"s":[40],"t":181},{"o":{"x":0.167,"y":0},"i":{"x":0.833,"y":1},"s":[40],"t":182},{"o":{"x":0.167,"y":0},"i":{"x":0.833,"y":1},"s":[40],"t":183},{"o":{"x":0.167,"y":0},"i":{"x":0.833,"y":1},"s":[40],"t":184},{"o":{"x":0.167,"y":0},"i":{"x":0.833,"y":1},"s":[40],"t":185},{"o":{"x":0.167,"y":0},"i":{"x":0.833,"y":1},"s":[40],"t":186},{"o":{"x":0.167,"y":0},"i":{"x":0.833,"y":1},"s":[40],"t":187},{"o":{"x":0.167,"y":0},"i":{"x":0.833,"y":1},"s":[40],"t":188},{"o":{"x":0.167,"y":0},"i":{"x":0.833,"y":1},"s":[40],"t":189},{"o":{"x":0.167,"y":0},"i":{"x":0.833,"y":1},"s":[40],"t":190},{"o":{"x":0.167,"y":0},"i":{"x":0.833,"y":1},"s":[40],"t":191},{"o":{"x":0.167,"y":0},"i":{"x":0.833,"y":1},"s":[40],"t":192},{"o":{"x":0.167,"y":0},"i":{"x":0.833,"y":1},"s":[40],"t":193},{"o":{"x":0.167,"y":0},"i":{"x":0.833,"y":1},"s":[40],"t":194},{"o":{"x":0.167,"y":0},"i":{"x":0.833,"y":1},"s":[40],"t":195},{"o":{"x":0.167,"y":0},"i":{"x":0.833,"y":1},"s":[40],"t":196},{"o":{"x":0.167,"y":0},"i":{"x":0.833,"y":1},"s":[40],"t":197},{"o":{"x":0.167,"y":0},"i":{"x":0.833,"y":1},"s":[40],"t":198},{"o":{"x":0.167,"y":0},"i":{"x":0.833,"y":1},"s":[40],"t":199},{"o":{"x":0.167,"y":0},"i":{"x":0.833,"y":1},"s":[40],"t":200},{"o":{"x":0.167,"y":0},"i":{"x":0.833,"y":1},"s":[40],"t":201},{"o":{"x":0.167,"y":0},"i":{"x":0.833,"y":1},"s":[40],"t":202},{"o":{"x":0.167,"y":0},"i":{"x":0.833,"y":1},"s":[40],"t":203},{"o":{"x":0.167,"y":0},"i":{"x":0.833,"y":1},"s":[40],"t":204},{"o":{"x":0.167,"y":0},"i":{"x":0.833,"y":1},"s":[40],"t":205},{"o":{"x":0.167,"y":0},"i":{"x":0.833,"y":1},"s":[40],"t":206},{"o":{"x":0.167,"y":0},"i":{"x":0.833,"y":1},"s":[40],"t":207},{"o":{"x":0.167,"y":0},"i":{"x":0.833,"y":1},"s":[40],"t":208},{"o":{"x":0.167,"y":0},"i":{"x":0.833,"y":1},"s":[40],"t":209},{"o":{"x":0.167,"y":0},"i":{"x":0.833,"y":1},"s":[40],"t":210},{"o":{"x":0.167,"y":0},"i":{"x":0.833,"y":1},"s":[40],"t":211},{"o":{"x":0.167,"y":0},"i":{"x":0.833,"y":1},"s":[40],"t":212},{"o":{"x":0.167,"y":0},"i":{"x":0.833,"y":1},"s":[40],"t":213},{"o":{"x":0.167,"y":0},"i":{"x":0.833,"y":1},"s":[40],"t":214},{"o":{"x":0.167,"y":0},"i":{"x":0.833,"y":1},"s":[40],"t":215},{"o":{"x":0.167,"y":0},"i":{"x":0.833,"y":1},"s":[40],"t":216},{"o":{"x":0.167,"y":0},"i":{"x":0.833,"y":1},"s":[40],"t":217},{"o":{"x":0.167,"y":0},"i":{"x":0.833,"y":1},"s":[40],"t":218},{"o":{"x":0.167,"y":0},"i":{"x":0.833,"y":1},"s":[40],"t":219},{"o":{"x":0.167,"y":0},"i":{"x":0.833,"y":1},"s":[40],"t":220},{"o":{"x":0.167,"y":0},"i":{"x":0.833,"y":1},"s":[40],"t":221},{"o":{"x":0.167,"y":0},"i":{"x":0.833,"y":1},"s":[40],"t":222},{"o":{"x":0.167,"y":0},"i":{"x":0.833,"y":1},"s":[40],"t":223},{"o":{"x":0.167,"y":0},"i":{"x":0.833,"y":1},"s":[40],"t":224},{"o":{"x":0.167,"y":0},"i":{"x":0.833,"y":1},"s":[40],"t":225},{"o":{"x":0.167,"y":0},"i":{"x":0.833,"y":1},"s":[40],"t":226},{"o":{"x":0.167,"y":0},"i":{"x":0.833,"y":1},"s":[40],"t":227},{"o":{"x":0.167,"y":0},"i":{"x":0.833,"y":1},"s":[40],"t":228},{"o":{"x":0.167,"y":0},"i":{"x":0.833,"y":1},"s":[40],"t":229},{"o":{"x":0.167,"y":0},"i":{"x":0.833,"y":1},"s":[40],"t":230},{"o":{"x":0.167,"y":0},"i":{"x":0.833,"y":1},"s":[40],"t":231},{"o":{"x":0.167,"y":0},"i":{"x":0.833,"y":1},"s":[40],"t":232},{"o":{"x":0.167,"y":0},"i":{"x":0.833,"y":1},"s":[40],"t":233},{"o":{"x":0.167,"y":0},"i":{"x":0.833,"y":1},"s":[40],"t":234},{"o":{"x":0.167,"y":0},"i":{"x":0.833,"y":1},"s":[40],"t":235},{"o":{"x":0.167,"y":0},"i":{"x":0.833,"y":1},"s":[40],"t":236},{"o":{"x":0.167,"y":0},"i":{"x":0.833,"y":1},"s":[40],"t":237},{"o":{"x":0.167,"y":0},"i":{"x":0.833,"y":1},"s":[40],"t":238},{"o":{"x":0.167,"y":0},"i":{"x":0.833,"y":1},"s":[40],"t":239},{"o":{"x":0.167,"y":0},"i":{"x":0.833,"y":1},"s":[40],"t":240},{"o":{"x":0.167,"y":0},"i":{"x":0.833,"y":1},"s":[40],"t":241},{"o":{"x":0.167,"y":0},"i":{"x":0.833,"y":1},"s":[40],"t":242},{"o":{"x":0.167,"y":0},"i":{"x":0.833,"y":1},"s":[40],"t":243},{"o":{"x":0.167,"y":0},"i":{"x":0.833,"y":1},"s":[40],"t":244},{"o":{"x":0.167,"y":0},"i":{"x":0.833,"y":1},"s":[40],"t":245},{"o":{"x":0.167,"y":0},"i":{"x":0.833,"y":1},"s":[40],"t":246},{"o":{"x":0.167,"y":0},"i":{"x":0.833,"y":1},"s":[40],"t":247},{"o":{"x":0.167,"y":0},"i":{"x":0.833,"y":1},"s":[40],"t":248},{"s":[40],"t":249}],"ix":1}}]},{"ty":0,"mn":"ADBE Slider Control","nm":"Rotation - Friction","ix":3,"en":1,"ef":[{"ty":0,"mn":"ADBE Slider Control-0001","nm":"Slider","ix":1,"v":{"a":1,"k":[{"o":{"x":0.167,"y":0},"i":{"x":0.833,"y":1},"s":[80],"t":0},{"o":{"x":0.167,"y":0},"i":{"x":0.833,"y":1},"s":[80],"t":1},{"o":{"x":0.167,"y":0},"i":{"x":0.833,"y":1},"s":[80],"t":2},{"o":{"x":0.167,"y":0},"i":{"x":0.833,"y":1},"s":[80],"t":3},{"o":{"x":0.167,"y":0},"i":{"x":0.833,"y":1},"s":[80],"t":4},{"o":{"x":0.167,"y":0},"i":{"x":0.833,"y":1},"s":[80],"t":5},{"o":{"x":0.167,"y":0},"i":{"x":0.833,"y":1},"s":[80],"t":6},{"o":{"x":0.167,"y":0},"i":{"x":0.833,"y":1},"s":[80],"t":7},{"o":{"x":0.167,"y":0},"i":{"x":0.833,"y":1},"s":[80],"t":8},{"o":{"x":0.167,"y":0},"i":{"x":0.833,"y":1},"s":[80],"t":9},{"o":{"x":0.167,"y":0},"i":{"x":0.833,"y":1},"s":[80],"t":10},{"o":{"x":0.167,"y":0},"i":{"x":0.833,"y":1},"s":[80],"t":11},{"o":{"x":0.167,"y":0},"i":{"x":0.833,"y":1},"s":[80],"t":12},{"o":{"x":0.167,"y":0},"i":{"x":0.833,"y":1},"s":[80],"t":13},{"o":{"x":0.167,"y":0},"i":{"x":0.833,"y":1},"s":[80],"t":14},{"o":{"x":0.167,"y":0},"i":{"x":0.833,"y":1},"s":[80],"t":15},{"o":{"x":0.167,"y":0},"i":{"x":0.833,"y":1},"s":[80],"t":16},{"o":{"x":0.167,"y":0},"i":{"x":0.833,"y":1},"s":[80],"t":17},{"o":{"x":0.167,"y":0},"i":{"x":0.833,"y":1},"s":[80],"t":18},{"o":{"x":0.167,"y":0},"i":{"x":0.833,"y":1},"s":[80],"t":19},{"o":{"x":0.167,"y":0},"i":{"x":0.833,"y":1},"s":[80],"t":20},{"o":{"x":0.167,"y":0},"i":{"x":0.833,"y":1},"s":[80],"t":21},{"o":{"x":0.167,"y":0},"i":{"x":0.833,"y":1},"s":[80],"t":22},{"o":{"x":0.167,"y":0},"i":{"x":0.833,"y":1},"s":[80],"t":23},{"o":{"x":0.167,"y":0},"i":{"x":0.833,"y":1},"s":[80],"t":24},{"o":{"x":0.167,"y":0},"i":{"x":0.833,"y":1},"s":[80],"t":25},{"o":{"x":0.167,"y":0},"i":{"x":0.833,"y":1},"s":[80],"t":26},{"o":{"x":0.167,"y":0},"i":{"x":0.833,"y":1},"s":[80],"t":27},{"o":{"x":0.167,"y":0},"i":{"x":0.833,"y":1},"s":[80],"t":28},{"o":{"x":0.167,"y":0},"i":{"x":0.833,"y":1},"s":[80],"t":29},{"o":{"x":0.167,"y":0},"i":{"x":0.833,"y":1},"s":[80],"t":30},{"o":{"x":0.167,"y":0},"i":{"x":0.833,"y":1},"s":[80],"t":31},{"o":{"x":0.167,"y":0},"i":{"x":0.833,"y":1},"s":[80],"t":32},{"o":{"x":0.167,"y":0},"i":{"x":0.833,"y":1},"s":[80],"t":33},{"o":{"x":0.167,"y":0},"i":{"x":0.833,"y":1},"s":[80],"t":34},{"o":{"x":0.167,"y":0},"i":{"x":0.833,"y":1},"s":[80],"t":35},{"o":{"x":0.167,"y":0},"i":{"x":0.833,"y":1},"s":[80],"t":36},{"o":{"x":0.167,"y":0},"i":{"x":0.833,"y":1},"s":[80],"t":37},{"o":{"x":0.167,"y":0},"i":{"x":0.833,"y":1},"s":[80],"t":38},{"o":{"x":0.167,"y":0},"i":{"x":0.833,"y":1},"s":[80],"t":39},{"o":{"x":0.167,"y":0},"i":{"x":0.833,"y":1},"s":[80],"t":40},{"o":{"x":0.167,"y":0},"i":{"x":0.833,"y":1},"s":[80],"t":41},{"o":{"x":0.167,"y":0},"i":{"x":0.833,"y":1},"s":[80],"t":42},{"o":{"x":0.167,"y":0},"i":{"x":0.833,"y":1},"s":[80],"t":43},{"o":{"x":0.167,"y":0},"i":{"x":0.833,"y":1},"s":[80],"t":44},{"o":{"x":0.167,"y":0},"i":{"x":0.833,"y":1},"s":[80],"t":45},{"o":{"x":0.167,"y":0},"i":{"x":0.833,"y":1},"s":[80],"t":46},{"o":{"x":0.167,"y":0},"i":{"x":0.833,"y":1},"s":[80],"t":47},{"o":{"x":0.167,"y":0},"i":{"x":0.833,"y":1},"s":[80],"t":48},{"o":{"x":0.167,"y":0},"i":{"x":0.833,"y":1},"s":[80],"t":49},{"o":{"x":0.167,"y":0},"i":{"x":0.833,"y":1},"s":[80],"t":50},{"o":{"x":0.167,"y":0},"i":{"x":0.833,"y":1},"s":[80],"t":51},{"o":{"x":0.167,"y":0},"i":{"x":0.833,"y":1},"s":[80],"t":52},{"o":{"x":0.167,"y":0},"i":{"x":0.833,"y":1},"s":[80],"t":53},{"o":{"x":0.167,"y":0},"i":{"x":0.833,"y":1},"s":[80],"t":54},{"o":{"x":0.167,"y":0},"i":{"x":0.833,"y":1},"s":[80],"t":55},{"o":{"x":0.167,"y":0},"i":{"x":0.833,"y":1},"s":[80],"t":56},{"o":{"x":0.167,"y":0},"i":{"x":0.833,"y":1},"s":[80],"t":57},{"o":{"x":0.167,"y":0},"i":{"x":0.833,"y":1},"s":[80],"t":58},{"o":{"x":0.167,"y":0},"i":{"x":0.833,"y":1},"s":[80],"t":59},{"o":{"x":0.167,"y":0},"i":{"x":0.833,"y":1},"s":[80],"t":60},{"o":{"x":0.167,"y":0},"i":{"x":0.833,"y":1},"s":[80],"t":61},{"o":{"x":0.167,"y":0},"i":{"x":0.833,"y":1},"s":[80],"t":62},{"o":{"x":0.167,"y":0},"i":{"x":0.833,"y":1},"s":[80],"t":63},{"o":{"x":0.167,"y":0},"i":{"x":0.833,"y":1},"s":[80],"t":64},{"o":{"x":0.167,"y":0},"i":{"x":0.833,"y":1},"s":[80],"t":65},{"o":{"x":0.167,"y":0},"i":{"x":0.833,"y":1},"s":[80],"t":66},{"o":{"x":0.167,"y":0},"i":{"x":0.833,"y":1},"s":[80],"t":67},{"o":{"x":0.167,"y":0},"i":{"x":0.833,"y":1},"s":[80],"t":68},{"o":{"x":0.167,"y":0},"i":{"x":0.833,"y":1},"s":[80],"t":69},{"o":{"x":0.167,"y":0},"i":{"x":0.833,"y":1},"s":[80],"t":70},{"o":{"x":0.167,"y":0},"i":{"x":0.833,"y":1},"s":[80],"t":71},{"o":{"x":0.167,"y":0},"i":{"x":0.833,"y":1},"s":[80],"t":72},{"o":{"x":0.167,"y":0},"i":{"x":0.833,"y":1},"s":[80],"t":73},{"o":{"x":0.167,"y":0},"i":{"x":0.833,"y":1},"s":[80],"t":74},{"o":{"x":0.167,"y":0},"i":{"x":0.833,"y":1},"s":[80],"t":75},{"o":{"x":0.167,"y":0},"i":{"x":0.833,"y":1},"s":[80],"t":76},{"o":{"x":0.167,"y":0},"i":{"x":0.833,"y":1},"s":[80],"t":77},{"o":{"x":0.167,"y":0},"i":{"x":0.833,"y":1},"s":[80],"t":78},{"o":{"x":0.167,"y":0},"i":{"x":0.833,"y":1},"s":[80],"t":79},{"o":{"x":0.167,"y":0},"i":{"x":0.833,"y":1},"s":[80],"t":80},{"o":{"x":0.167,"y":0},"i":{"x":0.833,"y":1},"s":[80],"t":81},{"o":{"x":0.167,"y":0},"i":{"x":0.833,"y":1},"s":[80],"t":82},{"o":{"x":0.167,"y":0},"i":{"x":0.833,"y":1},"s":[80],"t":83},{"o":{"x":0.167,"y":0},"i":{"x":0.833,"y":1},"s":[80],"t":84},{"o":{"x":0.167,"y":0},"i":{"x":0.833,"y":1},"s":[80],"t":85},{"o":{"x":0.167,"y":0},"i":{"x":0.833,"y":1},"s":[80],"t":86},{"o":{"x":0.167,"y":0},"i":{"x":0.833,"y":1},"s":[80],"t":87},{"o":{"x":0.167,"y":0},"i":{"x":0.833,"y":1},"s":[80],"t":88},{"o":{"x":0.167,"y":0},"i":{"x":0.833,"y":1},"s":[80],"t":89},{"o":{"x":0.167,"y":0},"i":{"x":0.833,"y":1},"s":[80],"t":90},{"o":{"x":0.167,"y":0},"i":{"x":0.833,"y":1},"s":[80],"t":91},{"o":{"x":0.167,"y":0},"i":{"x":0.833,"y":1},"s":[80],"t":92},{"o":{"x":0.167,"y":0},"i":{"x":0.833,"y":1},"s":[80],"t":93},{"o":{"x":0.167,"y":0},"i":{"x":0.833,"y":1},"s":[80],"t":94},{"o":{"x":0.167,"y":0},"i":{"x":0.833,"y":1},"s":[80],"t":95},{"o":{"x":0.167,"y":0},"i":{"x":0.833,"y":1},"s":[80],"t":96},{"o":{"x":0.167,"y":0},"i":{"x":0.833,"y":1},"s":[80],"t":97},{"o":{"x":0.167,"y":0},"i":{"x":0.833,"y":1},"s":[80],"t":98},{"o":{"x":0.167,"y":0},"i":{"x":0.833,"y":1},"s":[80],"t":99},{"o":{"x":0.167,"y":0},"i":{"x":0.833,"y":1},"s":[80],"t":100},{"o":{"x":0.167,"y":0},"i":{"x":0.833,"y":1},"s":[80],"t":101},{"o":{"x":0.167,"y":0},"i":{"x":0.833,"y":1},"s":[80],"t":102},{"o":{"x":0.167,"y":0},"i":{"x":0.833,"y":1},"s":[80],"t":103},{"o":{"x":0.167,"y":0},"i":{"x":0.833,"y":1},"s":[80],"t":104},{"o":{"x":0.167,"y":0},"i":{"x":0.833,"y":1},"s":[80],"t":105},{"o":{"x":0.167,"y":0},"i":{"x":0.833,"y":1},"s":[80],"t":106},{"o":{"x":0.167,"y":0},"i":{"x":0.833,"y":1},"s":[80],"t":107},{"o":{"x":0.167,"y":0},"i":{"x":0.833,"y":1},"s":[80],"t":108},{"o":{"x":0.167,"y":0},"i":{"x":0.833,"y":1},"s":[80],"t":109},{"o":{"x":0.167,"y":0},"i":{"x":0.833,"y":1},"s":[80],"t":110},{"o":{"x":0.167,"y":0},"i":{"x":0.833,"y":1},"s":[80],"t":111},{"o":{"x":0.167,"y":0},"i":{"x":0.833,"y":1},"s":[80],"t":112},{"o":{"x":0.167,"y":0},"i":{"x":0.833,"y":1},"s":[80],"t":113},{"o":{"x":0.167,"y":0},"i":{"x":0.833,"y":1},"s":[80],"t":114},{"o":{"x":0.167,"y":0},"i":{"x":0.833,"y":1},"s":[80],"t":115},{"o":{"x":0.167,"y":0},"i":{"x":0.833,"y":1},"s":[80],"t":116},{"o":{"x":0.167,"y":0},"i":{"x":0.833,"y":1},"s":[80],"t":117},{"o":{"x":0.167,"y":0},"i":{"x":0.833,"y":1},"s":[80],"t":118},{"o":{"x":0.167,"y":0},"i":{"x":0.833,"y":1},"s":[80],"t":119},{"o":{"x":0.167,"y":0},"i":{"x":0.833,"y":1},"s":[80],"t":120},{"o":{"x":0.167,"y":0},"i":{"x":0.833,"y":1},"s":[80],"t":121},{"o":{"x":0.167,"y":0},"i":{"x":0.833,"y":1},"s":[80],"t":122},{"o":{"x":0.167,"y":0},"i":{"x":0.833,"y":1},"s":[80],"t":123},{"o":{"x":0.167,"y":0},"i":{"x":0.833,"y":1},"s":[80],"t":124},{"o":{"x":0.167,"y":0},"i":{"x":0.833,"y":1},"s":[80],"t":125},{"o":{"x":0.167,"y":0},"i":{"x":0.833,"y":1},"s":[80],"t":126},{"o":{"x":0.167,"y":0},"i":{"x":0.833,"y":1},"s":[80],"t":127},{"o":{"x":0.167,"y":0},"i":{"x":0.833,"y":1},"s":[80],"t":128},{"o":{"x":0.167,"y":0},"i":{"x":0.833,"y":1},"s":[80],"t":129},{"o":{"x":0.167,"y":0},"i":{"x":0.833,"y":1},"s":[80],"t":130},{"o":{"x":0.167,"y":0},"i":{"x":0.833,"y":1},"s":[80],"t":131},{"o":{"x":0.167,"y":0},"i":{"x":0.833,"y":1},"s":[80],"t":132},{"o":{"x":0.167,"y":0},"i":{"x":0.833,"y":1},"s":[80],"t":133},{"o":{"x":0.167,"y":0},"i":{"x":0.833,"y":1},"s":[80],"t":134},{"o":{"x":0.167,"y":0},"i":{"x":0.833,"y":1},"s":[80],"t":135},{"o":{"x":0.167,"y":0},"i":{"x":0.833,"y":1},"s":[80],"t":136},{"o":{"x":0.167,"y":0},"i":{"x":0.833,"y":1},"s":[80],"t":137},{"o":{"x":0.167,"y":0},"i":{"x":0.833,"y":1},"s":[80],"t":138},{"o":{"x":0.167,"y":0},"i":{"x":0.833,"y":1},"s":[80],"t":139},{"o":{"x":0.167,"y":0},"i":{"x":0.833,"y":1},"s":[80],"t":140},{"o":{"x":0.167,"y":0},"i":{"x":0.833,"y":1},"s":[80],"t":141},{"o":{"x":0.167,"y":0},"i":{"x":0.833,"y":1},"s":[80],"t":142},{"o":{"x":0.167,"y":0},"i":{"x":0.833,"y":1},"s":[80],"t":143},{"o":{"x":0.167,"y":0},"i":{"x":0.833,"y":1},"s":[80],"t":144},{"o":{"x":0.167,"y":0},"i":{"x":0.833,"y":1},"s":[80],"t":145},{"o":{"x":0.167,"y":0},"i":{"x":0.833,"y":1},"s":[80],"t":146},{"o":{"x":0.167,"y":0},"i":{"x":0.833,"y":1},"s":[80],"t":147},{"o":{"x":0.167,"y":0},"i":{"x":0.833,"y":1},"s":[80],"t":148},{"o":{"x":0.167,"y":0},"i":{"x":0.833,"y":1},"s":[80],"t":149},{"o":{"x":0.167,"y":0},"i":{"x":0.833,"y":1},"s":[80],"t":150},{"o":{"x":0.167,"y":0},"i":{"x":0.833,"y":1},"s":[80],"t":151},{"o":{"x":0.167,"y":0},"i":{"x":0.833,"y":1},"s":[80],"t":152},{"o":{"x":0.167,"y":0},"i":{"x":0.833,"y":1},"s":[80],"t":153},{"o":{"x":0.167,"y":0},"i":{"x":0.833,"y":1},"s":[80],"t":154},{"o":{"x":0.167,"y":0},"i":{"x":0.833,"y":1},"s":[80],"t":155},{"o":{"x":0.167,"y":0},"i":{"x":0.833,"y":1},"s":[80],"t":156},{"o":{"x":0.167,"y":0},"i":{"x":0.833,"y":1},"s":[80],"t":157},{"o":{"x":0.167,"y":0},"i":{"x":0.833,"y":1},"s":[80],"t":158},{"o":{"x":0.167,"y":0},"i":{"x":0.833,"y":1},"s":[80],"t":159},{"o":{"x":0.167,"y":0},"i":{"x":0.833,"y":1},"s":[80],"t":160},{"o":{"x":0.167,"y":0},"i":{"x":0.833,"y":1},"s":[80],"t":161},{"o":{"x":0.167,"y":0},"i":{"x":0.833,"y":1},"s":[80],"t":162},{"o":{"x":0.167,"y":0},"i":{"x":0.833,"y":1},"s":[80],"t":163},{"o":{"x":0.167,"y":0},"i":{"x":0.833,"y":1},"s":[80],"t":164},{"o":{"x":0.167,"y":0},"i":{"x":0.833,"y":1},"s":[80],"t":165},{"o":{"x":0.167,"y":0},"i":{"x":0.833,"y":1},"s":[80],"t":166},{"o":{"x":0.167,"y":0},"i":{"x":0.833,"y":1},"s":[80],"t":167},{"o":{"x":0.167,"y":0},"i":{"x":0.833,"y":1},"s":[80],"t":168},{"o":{"x":0.167,"y":0},"i":{"x":0.833,"y":1},"s":[80],"t":169},{"o":{"x":0.167,"y":0},"i":{"x":0.833,"y":1},"s":[80],"t":170},{"o":{"x":0.167,"y":0},"i":{"x":0.833,"y":1},"s":[80],"t":171},{"o":{"x":0.167,"y":0},"i":{"x":0.833,"y":1},"s":[80],"t":172},{"o":{"x":0.167,"y":0},"i":{"x":0.833,"y":1},"s":[80],"t":173},{"o":{"x":0.167,"y":0},"i":{"x":0.833,"y":1},"s":[80],"t":174},{"o":{"x":0.167,"y":0},"i":{"x":0.833,"y":1},"s":[80],"t":175},{"o":{"x":0.167,"y":0},"i":{"x":0.833,"y":1},"s":[80],"t":176},{"o":{"x":0.167,"y":0},"i":{"x":0.833,"y":1},"s":[80],"t":177},{"o":{"x":0.167,"y":0},"i":{"x":0.833,"y":1},"s":[80],"t":178},{"o":{"x":0.167,"y":0},"i":{"x":0.833,"y":1},"s":[80],"t":179},{"o":{"x":0.167,"y":0},"i":{"x":0.833,"y":1},"s":[80],"t":180},{"o":{"x":0.167,"y":0},"i":{"x":0.833,"y":1},"s":[80],"t":181},{"o":{"x":0.167,"y":0},"i":{"x":0.833,"y":1},"s":[80],"t":182},{"o":{"x":0.167,"y":0},"i":{"x":0.833,"y":1},"s":[80],"t":183},{"o":{"x":0.167,"y":0},"i":{"x":0.833,"y":1},"s":[80],"t":184},{"o":{"x":0.167,"y":0},"i":{"x":0.833,"y":1},"s":[80],"t":185},{"o":{"x":0.167,"y":0},"i":{"x":0.833,"y":1},"s":[80],"t":186},{"o":{"x":0.167,"y":0},"i":{"x":0.833,"y":1},"s":[80],"t":187},{"o":{"x":0.167,"y":0},"i":{"x":0.833,"y":1},"s":[80],"t":188},{"o":{"x":0.167,"y":0},"i":{"x":0.833,"y":1},"s":[80],"t":189},{"o":{"x":0.167,"y":0},"i":{"x":0.833,"y":1},"s":[80],"t":190},{"o":{"x":0.167,"y":0},"i":{"x":0.833,"y":1},"s":[80],"t":191},{"o":{"x":0.167,"y":0},"i":{"x":0.833,"y":1},"s":[80],"t":192},{"o":{"x":0.167,"y":0},"i":{"x":0.833,"y":1},"s":[80],"t":193},{"o":{"x":0.167,"y":0},"i":{"x":0.833,"y":1},"s":[80],"t":194},{"o":{"x":0.167,"y":0},"i":{"x":0.833,"y":1},"s":[80],"t":195},{"o":{"x":0.167,"y":0},"i":{"x":0.833,"y":1},"s":[80],"t":196},{"o":{"x":0.167,"y":0},"i":{"x":0.833,"y":1},"s":[80],"t":197},{"o":{"x":0.167,"y":0},"i":{"x":0.833,"y":1},"s":[80],"t":198},{"o":{"x":0.167,"y":0},"i":{"x":0.833,"y":1},"s":[80],"t":199},{"o":{"x":0.167,"y":0},"i":{"x":0.833,"y":1},"s":[80],"t":200},{"o":{"x":0.167,"y":0},"i":{"x":0.833,"y":1},"s":[80],"t":201},{"o":{"x":0.167,"y":0},"i":{"x":0.833,"y":1},"s":[80],"t":202},{"o":{"x":0.167,"y":0},"i":{"x":0.833,"y":1},"s":[80],"t":203},{"o":{"x":0.167,"y":0},"i":{"x":0.833,"y":1},"s":[80],"t":204},{"o":{"x":0.167,"y":0},"i":{"x":0.833,"y":1},"s":[80],"t":205},{"o":{"x":0.167,"y":0},"i":{"x":0.833,"y":1},"s":[80],"t":206},{"o":{"x":0.167,"y":0},"i":{"x":0.833,"y":1},"s":[80],"t":207},{"o":{"x":0.167,"y":0},"i":{"x":0.833,"y":1},"s":[80],"t":208},{"o":{"x":0.167,"y":0},"i":{"x":0.833,"y":1},"s":[80],"t":209},{"o":{"x":0.167,"y":0},"i":{"x":0.833,"y":1},"s":[80],"t":210},{"o":{"x":0.167,"y":0},"i":{"x":0.833,"y":1},"s":[80],"t":211},{"o":{"x":0.167,"y":0},"i":{"x":0.833,"y":1},"s":[80],"t":212},{"o":{"x":0.167,"y":0},"i":{"x":0.833,"y":1},"s":[80],"t":213},{"o":{"x":0.167,"y":0},"i":{"x":0.833,"y":1},"s":[80],"t":214},{"o":{"x":0.167,"y":0},"i":{"x":0.833,"y":1},"s":[80],"t":215},{"o":{"x":0.167,"y":0},"i":{"x":0.833,"y":1},"s":[80],"t":216},{"o":{"x":0.167,"y":0},"i":{"x":0.833,"y":1},"s":[80],"t":217},{"o":{"x":0.167,"y":0},"i":{"x":0.833,"y":1},"s":[80],"t":218},{"o":{"x":0.167,"y":0},"i":{"x":0.833,"y":1},"s":[80],"t":219},{"o":{"x":0.167,"y":0},"i":{"x":0.833,"y":1},"s":[80],"t":220},{"o":{"x":0.167,"y":0},"i":{"x":0.833,"y":1},"s":[80],"t":221},{"o":{"x":0.167,"y":0},"i":{"x":0.833,"y":1},"s":[80],"t":222},{"o":{"x":0.167,"y":0},"i":{"x":0.833,"y":1},"s":[80],"t":223},{"o":{"x":0.167,"y":0},"i":{"x":0.833,"y":1},"s":[80],"t":224},{"o":{"x":0.167,"y":0},"i":{"x":0.833,"y":1},"s":[80],"t":225},{"o":{"x":0.167,"y":0},"i":{"x":0.833,"y":1},"s":[80],"t":226},{"o":{"x":0.167,"y":0},"i":{"x":0.833,"y":1},"s":[80],"t":227},{"o":{"x":0.167,"y":0},"i":{"x":0.833,"y":1},"s":[80],"t":228},{"o":{"x":0.167,"y":0},"i":{"x":0.833,"y":1},"s":[80],"t":229},{"o":{"x":0.167,"y":0},"i":{"x":0.833,"y":1},"s":[80],"t":230},{"o":{"x":0.167,"y":0},"i":{"x":0.833,"y":1},"s":[80],"t":231},{"o":{"x":0.167,"y":0},"i":{"x":0.833,"y":1},"s":[80],"t":232},{"o":{"x":0.167,"y":0},"i":{"x":0.833,"y":1},"s":[80],"t":233},{"o":{"x":0.167,"y":0},"i":{"x":0.833,"y":1},"s":[80],"t":234},{"o":{"x":0.167,"y":0},"i":{"x":0.833,"y":1},"s":[80],"t":235},{"o":{"x":0.167,"y":0},"i":{"x":0.833,"y":1},"s":[80],"t":236},{"o":{"x":0.167,"y":0},"i":{"x":0.833,"y":1},"s":[80],"t":237},{"o":{"x":0.167,"y":0},"i":{"x":0.833,"y":1},"s":[80],"t":238},{"o":{"x":0.167,"y":0},"i":{"x":0.833,"y":1},"s":[80],"t":239},{"o":{"x":0.167,"y":0},"i":{"x":0.833,"y":1},"s":[80],"t":240},{"o":{"x":0.167,"y":0},"i":{"x":0.833,"y":1},"s":[80],"t":241},{"o":{"x":0.167,"y":0},"i":{"x":0.833,"y":1},"s":[80],"t":242},{"o":{"x":0.167,"y":0},"i":{"x":0.833,"y":1},"s":[80],"t":243},{"o":{"x":0.167,"y":0},"i":{"x":0.833,"y":1},"s":[80],"t":244},{"o":{"x":0.167,"y":0},"i":{"x":0.833,"y":1},"s":[80],"t":245},{"o":{"x":0.167,"y":0},"i":{"x":0.833,"y":1},"s":[80],"t":246},{"o":{"x":0.167,"y":0},"i":{"x":0.833,"y":1},"s":[80],"t":247},{"o":{"x":0.167,"y":0},"i":{"x":0.833,"y":1},"s":[80],"t":248},{"s":[80],"t":249}],"ix":1}}]}],"shapes":[{"ty":"gr","bm":0,"hd":false,"mn":"ADBE Vector Group","nm":"Group 1","ix":1,"cix":2,"np":2,"it":[{"ty":"sh","bm":0,"hd":false,"mn":"ADBE Vector Shape - Group","nm":"Path 1","ix":1,"d":1,"ks":{"a":0,"k":{"c":true,"i":[[0,0],[0,0],[0,0],[0,0]],"o":[[0,0],[0,0],[0,0],[0,0]],"v":[[7,7],[-7,7],[-7,-7],[7,-7]]},"ix":2}},{"ty":"fl","bm":0,"hd":false,"mn":"ADBE Vector Graphic - Fill","nm":"Fill 1","c":{"a":0,"k":[0.898,0.898,0.898],"ix":4},"r":1,"o":{"a":0,"k":100,"ix":5}},{"ty":"tr","a":{"a":0,"k":[0,0],"ix":1},"s":{"a":0,"k":[100,100],"ix":3},"sk":{"a":0,"k":0,"ix":4},"p":{"a":0,"k":[35.25,35.25],"ix":2},"r":{"a":0,"k":0,"ix":6},"sa":{"a":0,"k":0,"ix":5},"o":{"a":0,"k":100,"ix":7}}]},{"ty":"gr","bm":0,"hd":false,"mn":"ADBE Vector Group","nm":"Group 2","ix":2,"cix":2,"np":2,"it":[{"ty":"sh","bm":0,"hd":false,"mn":"ADBE Vector Shape - Group","nm":"Path 1","ix":1,"d":1,"ks":{"a":0,"k":{"c":true,"i":[[0,-11.598],[11.598,0],[0,11.598],[-11.598,0]],"o":[[0,11.598],[-11.598,0],[0,-11.598],[11.598,0]],"v":[[21,0],[0,21],[-21,0],[0,-21]]},"ix":2}},{"ty":"fl","bm":0,"hd":false,"mn":"ADBE Vector Graphic - Fill","nm":"Fill 1","c":{"a":0,"k":[0.8118,0.8118,0.8118],"ix":4},"r":1,"o":{"a":0,"k":100,"ix":5}},{"ty":"tr","a":{"a":0,"k":[0,0],"ix":1},"s":{"a":0,"k":[100,100],"ix":3},"sk":{"a":0,"k":0,"ix":4},"p":{"a":0,"k":[35.25,35.25],"ix":2},"r":{"a":0,"k":0,"ix":6},"sa":{"a":0,"k":0,"ix":5},"o":{"a":0,"k":100,"ix":7}}]},{"ty":"gr","bm":0,"hd":false,"mn":"ADBE Vector Group","nm":"Group 3","ix":3,"cix":2,"np":2,"it":[{"ty":"sh","bm":0,"hd":false,"mn":"ADBE Vector Shape - Group","nm":"Path 1","ix":1,"d":1,"ks":{"a":0,"k":{"c":true,"i":[[0,-19.33],[19.33,0],[0,19.33],[-19.33,0]],"o":[[0,19.33],[-19.33,0],[0,-19.33],[19.33,0]],"v":[[35,0],[0,35],[-35,0],[0,-35]]},"ix":2}},{"ty":"fl","bm":0,"hd":false,"mn":"ADBE Vector Graphic - Fill","nm":"Fill 1","c":{"a":0,"k":[0.0667,0.1725,0.251],"ix":4},"r":1,"o":{"a":0,"k":100,"ix":5}},{"ty":"tr","a":{"a":0,"k":[0,0],"ix":1},"s":{"a":0,"k":[100,100],"ix":3},"sk":{"a":0,"k":0,"ix":4},"p":{"a":0,"k":[35.25,35.25],"ix":2},"r":{"a":0,"k":0,"ix":6},"sa":{"a":0,"k":0,"ix":5},"o":{"a":0,"k":100,"ix":7}}]}],"ind":3},{"ty":4,"nm":"Layer 6 Outlines","sr":1,"st":6,"op":256,"ip":6,"hd":false,"ddd":0,"bm":0,"hasMask":false,"ao":0,"ks":{"a":{"a":0,"k":[0.25,7.25,0],"ix":1},"s":{"a":1,"k":[{"o":{"x":1,"y":0},"i":{"x":0,"y":1},"s":[0,100,100],"t":6},{"s":[100,100,100],"t":26}],"ix":6},"sk":{"a":0,"k":0},"p":{"a":0,"k":[31.634,138.646,0],"ix":2},"r":{"a":0,"k":-0.001,"ix":10},"sa":{"a":0,"k":0},"o":{"a":0,"k":100,"ix":11}},"ef":[],"shapes":[{"ty":"gr","bm":0,"hd":false,"mn":"ADBE Vector Group","nm":"Group 1","ix":1,"cix":2,"np":2,"it":[{"ty":"sh","bm":0,"hd":false,"mn":"ADBE Vector Shape - Group","nm":"Path 1","ix":1,"d":1,"ks":{"a":0,"k":{"c":true,"i":[[0,0],[0,0],[0,0],[0,0]],"o":[[0,0],[0,0],[0,0],[0,0]],"v":[[108.5,7],[-108.5,7],[-108.5,-7],[108.5,-7]]},"ix":2}},{"ty":"fl","bm":0,"hd":false,"mn":"ADBE Vector Graphic - Fill","nm":"Fill 1","c":{"a":0,"k":[1,1,1],"ix":4},"r":1,"o":{"a":0,"k":100,"ix":5}},{"ty":"tr","a":{"a":0,"k":[0,0],"ix":1},"s":{"a":0,"k":[100,100],"ix":3},"sk":{"a":0,"k":0,"ix":4},"p":{"a":0,"k":[108.75,7.25],"ix":2},"r":{"a":0,"k":0,"ix":6},"sa":{"a":0,"k":0,"ix":5},"o":{"a":0,"k":100,"ix":7}}]}],"ind":4,"parent":6},{"ty":4,"nm":"Layer 7 Outlines","sr":1,"st":0,"op":250,"ip":0,"hd":false,"ddd":0,"bm":0,"hasMask":false,"ao":0,"ks":{"a":{"a":0,"k":[108.75,35.25,0],"ix":1},"s":{"a":0,"k":[100,100,100],"ix":6},"sk":{"a":0,"k":0},"p":{"a":0,"k":[140.132,82.643,0],"ix":2},"r":{"a":0,"k":-0.001,"ix":10},"sa":{"a":0,"k":0},"o":{"a":0,"k":100,"ix":11}},"ef":[],"shapes":[{"ty":"gr","bm":0,"hd":false,"mn":"ADBE Vector Group","nm":"Group 1","ix":1,"cix":2,"np":2,"it":[{"ty":"sh","bm":0,"hd":false,"mn":"ADBE Vector Shape - Group","nm":"Path 1","ix":1,"d":1,"ks":{"a":0,"k":{"c":true,"i":[[0,0],[0,0],[0,0],[0,-3.866],[0,0],[-3.869,0],[0,0],[0,0],[0,0],[0,0],[0,0],[0,0],[0,0],[0,0]],"o":[[0,0],[0,0],[-3.869,0],[0,0],[0,3.866],[0,0],[0,0],[0,0],[0,0],[0,0],[0,0],[0,0],[0,0],[0,0]],"v":[[21,-21],[21,-35],[-14,-35],[-21,-28],[-21,28],[-14,35],[21,35],[21,21],[-7,21],[-7,7],[21,7],[21,-7],[-7,-7],[-7,-21]]},"ix":2}},{"ty":"fl","bm":0,"hd":false,"mn":"ADBE Vector Graphic - Fill","nm":"Fill 1","c":{"a":0,"k":[1,1,1],"ix":4},"r":1,"o":{"a":0,"k":100,"ix":5}},{"ty":"tr","a":{"a":0,"k":[0,0],"ix":1},"s":{"a":0,"k":[100,100],"ix":3},"sk":{"a":0,"k":0,"ix":4},"p":{"a":0,"k":[196.25,35.25],"ix":2},"r":{"a":0,"k":0,"ix":6},"sa":{"a":0,"k":0,"ix":5},"o":{"a":0,"k":100,"ix":7}}]},{"ty":"gr","bm":0,"hd":false,"mn":"ADBE Vector Group","nm":"Group 2","ix":2,"cix":2,"np":2,"it":[{"ty":"sh","bm":0,"hd":false,"mn":"ADBE Vector Shape - Group","nm":"Path 1","ix":1,"d":1,"ks":{"a":0,"k":{"c":true,"i":[[0,-3.866],[0,0],[-3.869,0],[0,0],[0,0],[0,0],[0,0],[0,0],[0,0],[0,0],[0,0],[0,0],[0,0],[0,0]],"o":[[0,0],[0,3.866],[0,0],[0,0],[0,0],[0,0],[0,0],[0,0],[0,0],[0,0],[0,0],[0,0],[0,0],[-3.869,0]],"v":[[-21,-28],[-21,28],[-14,35],[21,35],[21,21],[-7,21],[-7,7],[21,7],[21,-7],[-7,-7],[-7,-21],[21,-21],[21,-35],[-14,-35]]},"ix":2}},{"ty":"fl","bm":0,"hd":false,"mn":"ADBE Vector Graphic - Fill","nm":"Fill 1","c":{"a":0,"k":[1,1,1],"ix":4},"r":1,"o":{"a":0,"k":100,"ix":5}},{"ty":"tr","a":{"a":0,"k":[0,0],"ix":1},"s":{"a":0,"k":[100,100],"ix":3},"sk":{"a":0,"k":0,"ix":4},"p":{"a":0,"k":[140.25,35.25],"ix":2},"r":{"a":0,"k":0,"ix":6},"sa":{"a":0,"k":0,"ix":5},"o":{"a":0,"k":100,"ix":7}}]},{"ty":"gr","bm":0,"hd":false,"mn":"ADBE Vector Group","nm":"Group 3","ix":3,"cix":2,"np":4,"it":[{"ty":"sh","bm":0,"hd":false,"mn":"ADBE Vector Shape - Group","nm":"Path 1","ix":1,"d":1,"ks":{"a":0,"k":{"c":true,"i":[[3.862,0],[0,0],[0,0],[0,0],[0,-3.859]],"o":[[0,0],[0,0],[0,0],[3.862,0],[0,3.859]],"v":[[3.5,-7],[-10.5,-7],[-10.5,-21],[3.5,-21],[10.5,-14]]},"ix":2}},{"ty":"sh","bm":0,"hd":false,"mn":"ADBE Vector Shape - Group","nm":"Path 2","ix":2,"d":1,"ks":{"a":0,"k":{"c":true,"i":[[11.58,0],[0,0],[0,-3.866],[0,0],[0,0],[0,0],[0,0],[0,-3.859],[0,0],[0,0],[0,0],[3.329,3.719],[0,5.373]],"o":[[0,0],[-3.869,0],[0,0],[0,0],[0,0],[0,0],[3.862,0],[0,0],[0,0],[0,0],[0,-5.373],[3.329,-3.719],[0,-11.58]],"v":[[3.5,-35],[-17.5,-35],[-24.5,-28],[-24.5,35],[-10.5,35],[-10.5,7],[3.5,7],[10.5,14],[10.5,35],[24.5,35],[24.5,14],[19.141,0],[24.5,-14]]},"ix":2}},{"ty":"mm","bm":0,"hd":false,"mn":"ADBE Vector Filter - Merge","nm":"Merge Paths 1","mm":1},{"ty":"fl","bm":0,"hd":false,"mn":"ADBE Vector Graphic - Fill","nm":"Fill 1","c":{"a":0,"k":[1,1,1],"ix":4},"r":1,"o":{"a":0,"k":100,"ix":5}},{"ty":"tr","a":{"a":0,"k":[0,0],"ix":1},"s":{"a":0,"k":[100,100],"ix":3},"sk":{"a":0,"k":0,"ix":4},"p":{"a":0,"k":[80.75,35.25],"ix":2},"r":{"a":0,"k":0,"ix":6},"sa":{"a":0,"k":0,"ix":5},"o":{"a":0,"k":100,"ix":7}}]},{"ty":"gr","bm":0,"hd":false,"mn":"ADBE Vector Group","nm":"Group 4","ix":4,"cix":2,"np":2,"it":[{"ty":"sh","bm":0,"hd":false,"mn":"ADBE Vector Shape - Group","nm":"Path 1","ix":1,"d":1,"ks":{"a":0,"k":{"c":true,"i":[[0,-3.866],[0,0],[0,0],[0,0],[0,0],[0,0],[0,0],[0,0],[0,0],[0,0],[0,0]],"o":[[0,0],[0,0],[0,0],[0,0],[0,0],[0,0],[0,0],[0,0],[0,0],[0,0],[-3.869,0]],"v":[[-21,-28],[-21,35],[-7,35],[-7,7],[21,7],[21,-7],[-7,-7],[-7,-21],[21,-21],[21,-35],[-14,-35]]},"ix":2}},{"ty":"fl","bm":0,"hd":false,"mn":"ADBE Vector Graphic - Fill","nm":"Fill 1","c":{"a":0,"k":[1,1,1],"ix":4},"r":1,"o":{"a":0,"k":100,"ix":5}},{"ty":"tr","a":{"a":0,"k":[0,0],"ix":1},"s":{"a":0,"k":[100,100],"ix":3},"sk":{"a":0,"k":0,"ix":4},"p":{"a":0,"k":[21.25,35.25],"ix":2},"r":{"a":0,"k":0,"ix":6},"sa":{"a":0,"k":0,"ix":5},"o":{"a":0,"k":100,"ix":7}}]}],"ind":5,"parent":6},{"ty":4,"nm":"Layer 8 Outlines","sr":1,"st":0,"op":250,"ip":0,"hd":false,"ddd":0,"bm":0,"hasMask":false,"ao":0,"ks":{"a":{"a":0,"k":[136.75,108.75,0],"ix":1},"s":{"a":0,"k":[100,100,100],"ix":6},"sk":{"a":0,"k":0},"p":{"a":1,"k":[{"o":{"x":0.333,"y":0},"i":{"x":0.667,"y":1},"s":[70.368,-71.643,0],"t":14,"ti":[0,0,0],"to":[0,1.667,0]},{"o":{"x":0.333,"y":0},"i":{"x":0.667,"y":1},"s":[70.368,-61.643,0],"t":19,"ti":[0,0,0],"to":[0,0,0]},{"o":{"x":0.333,"y":0},"i":{"x":0.667,"y":1},"s":[70.367,-71.643,0],"t":24,"ti":[0,0,0],"to":[0,0,0]},{"o":{"x":0.167,"y":0},"i":{"x":0.667,"y":1},"s":[70.367,-61.643,0],"t":29,"ti":[0,0,0],"to":[0,0,0]},{"o":{"x":0.167,"y":0},"i":{"x":0.667,"y":1},"s":[70.367,-71.643,0],"t":33,"ti":[0,0,0],"to":[0,0,0]},{"o":{"x":0.333,"y":0},"i":{"x":0.667,"y":1},"s":[70.368,-61.643,0],"t":38,"ti":[0,0,0],"to":[0,0,0]},{"o":{"x":0.333,"y":0},"i":{"x":0.667,"y":1},"s":[70.367,-71.643,0],"t":43,"ti":[0,0,0],"to":[0,0,0]},{"o":{"x":0.167,"y":0},"i":{"x":0.667,"y":1},"s":[70.367,-61.643,0],"t":48,"ti":[0,1.667,0],"to":[0,0,0]},{"s":[70.367,-71.643,0],"t":52}],"ix":2},"r":{"a":1,"k":[{"o":{"x":0.333,"y":0},"i":{"x":0.667,"y":1},"s":[0.001],"t":-4},{"o":{"x":0.333,"y":0},"i":{"x":0.667,"y":1},"s":[2.001],"t":3.353},{"o":{"x":0.333,"y":0},"i":{"x":0.667,"y":1},"s":[-2],"t":10.706},{"o":{"x":0.333,"y":0},"i":{"x":0.667,"y":1},"s":[0.001],"t":18.059},{"o":{"x":0.333,"y":0},"i":{"x":0.667,"y":1},"s":[0.001],"t":23.941},{"o":{"x":0.333,"y":0},"i":{"x":0.667,"y":1},"s":[0.001],"t":31.294},{"o":{"x":0.333,"y":0},"i":{"x":0.667,"y":1},"s":[-1],"t":38.647},{"s":[0.001],"t":46}],"ix":10},"sa":{"a":0,"k":0},"o":{"a":0,"k":100,"ix":11}},"ef":[],"shapes":[{"ty":"gr","bm":0,"hd":false,"mn":"ADBE Vector Group","nm":"Group 1","ix":1,"cix":2,"np":2,"it":[{"ty":"sh","bm":0,"hd":false,"mn":"ADBE Vector Shape - Group","nm":"Path 1","ix":1,"d":1,"ks":{"a":0,"k":{"c":false,"i":[[0,0],[0,0],[0,0],[0,0],[0,0],[0,0]],"o":[[0,0],[0,0],[0,0],[0,0],[0,0],[0,0]],"v":[[-73.5,108.5],[-136.5,108.5],[-136.5,-108.5],[136.5,-108.5],[136.5,108.5],[-3.5,108.5]]},"ix":2}},{"ty":"fl","bm":0,"hd":false,"mn":"ADBE Vector Graphic - Fill","nm":"Fill 1","c":{"a":0,"k":[0.8863,0.1098,0.1294],"ix":4},"r":1,"o":{"a":0,"k":100,"ix":5}},{"ty":"tr","a":{"a":0,"k":[0,0],"ix":1},"s":{"a":0,"k":[100,100],"ix":3},"sk":{"a":0,"k":0,"ix":4},"p":{"a":0,"k":[136.75,108.75],"ix":2},"r":{"a":0,"k":0,"ix":6},"sa":{"a":0,"k":0,"ix":5},"o":{"a":0,"k":100,"ix":7}}]}],"ind":6,"parent":3}],"v":"5.5.7","fr":25,"op":76,"ip":0,"assets":[]}